Assignment,Number of authors,Title,Author 1,Author 2,Author 3,Author 4,Author 5,Author 6,Notes,h_index (Author 1),h_index (Author 2),h_index (Author 3),h_index (Author 4),h_index (Author 5),h_index (Author 6),DOI,Conference Title,Conference Date,Total Citations,Average per Year,2001,2002,2003,2004,2005,2006,2007,2008,2009,2010,2011,2012,2013,2014,2015,2016,2017,2018,,,,,,,,,,,,,,,,,,,,,,,,,,,,,,,,,,,,,,,,,,,,,,,,,,,,,,,,,,,,,,,,,,,,,,,,,,,,,,,,,,,,,,,,,,,,,,,,,,,,,,
Odie,2,The Effect of Bans and Taxes on Passive Smoking,"Adda, Jerome","Cornaglia, Francesca",,,,,,5,3,,,,,10.1257/app.2.1.1,,,58,"7,25",,,,,,,,,0,1,7,10,9,10,11,9,,,,,,,,,,,,,,,,,,,,,,,,,,,,,,,,,,,,,,,,,,,,,,,,,,,,,,,,,,,,,,,,,,,,,,,,,,,,,,,,,,,,,,,,,,,,,,,,,,,,,,,,
Odie,4,Parental Education and Child Health: Evidence from a Natural Experiment in Taiwan,"Chou, Shin-Yi","Liu, Jin-Tan","Grossman, Michael","Joyce, Ted",,,,8,6,18,10,,,10.1257/app.2.1.33,,,31,"3,88",,,,,,,,,0,2,7,3,4,4,4,7,,,,,,,,,,,,,,,,,,,,,,,,,,,,,,,,,,,,,,,,,,,,,,,,,,,,,,,,,,,,,,,,,,,,,,,,,,,,,,,,,,,,,,,,,,,,,,,,,,,,,,,,
Odie,1,"Intergenerational Networks, Unemployment, and Persistent Inequality in South Africa","Magruder, Jeremy R.",,,,,,,4,,,,,,10.1257/app.2.1.62,,,15,"1,88",,,,,,,,,0,0,1,2,3,4,3,2,,,,,,,,,,,,,,,,,,,,,,,,,,,,,,,,,,,,,,,,,,,,,,,,,,,,,,,,,,,,,,,,,,,,,,,,,,,,,,,,,,,,,,,,,,,,,,,,,,,,,,,,
Odie,5,Parents' Incomes and Children's Outcomes: A Quasi-Experiment Using Transfer Payments from Casino Profits,"Akee, Randall K. Q.","Copeland, William E.","Keeler, Gordon","Angold, Adrian","Costello, E. Jane",,,4,13,10,40,36,,10.1257/app.2.1.86,,,45,"5,62",,,,,,,,,0,4,3,6,6,5,7,15,11,18,,,,,,,,,,,,,,,,,,,,,,,,,,,,,,,,,,,,,,,,,,,,,,,,,,,,,,,,,,,,,,,,,,,,,,,,,,,,,,,,,,,,,,,,,,,,,,,,,,,,,,
Odie,2,The Changing Consequences of Attending Historically Black Colleges and Universities,"Fryer, Roland G., Jr.","Greenstone, Michael",,,,,,9,11,,,,,10.1257/app.2.1.116,,,10,"1,25",0,0,0,0,0,0,0,0,0,0,1,3,0,5,2,1,1,1,0,,,,,,,,,,,,,,,,,,,,,,,,,,,,,,,,,,,,,,,,,,,,,,,,,,,,,,,,,,,,,,,,,,,,,,,,,,,,,,,,,,,,,,,,,,,,,,,,,,,,,
Flavio,2,Prize Structure and Information in Tournaments: Experimental Evidence,"Freeman, Richard B.","Gelber, Alexander M.",,,,,,34,4,,,,,10.1257/app.2.1.149,,,19,"2,38",,,,,,,,,0,3,2,2,3,2,4,3,,,,,,,,,,,,,,,,,,,,,,,,,,,,,,,,,,,,,,,,,,,,,,,,,,,,,,,,,,,,,,,,,,,,,,,,,,,,,,,,,,,,,,,,,,,,,,,,,,,,,,,,
Flavio,2,"Age at Arrival, English Proficiency, and Social Assimilation Among US Immigrants","Bleakley, Hoyt","Chin, Aimee",,,,,,10,6,,,,,10.1257/app.2.1.165,,,43,"5,38",,,,,,,,,0,2,3,5,4,6,13,9,,,,,,,,,,,,,,,,,,,,,,,,,,,,,,,,,,,,,,,,,,,,,,,,,,,,,,,,,,,,,,,,,,,,,,,,,,,,,,,,,,,,,,,,,,,,,,,,,,,,,,,,
Flavio,2,Present-Biased Preferences and Credit Card Borrowing,"Meier, Stephan","Sprenger, Charles",,,,,,12,6,,,,,10.1257/app.2.1.193,,,99,"12,38",,,,,,,,,0,3,3,12,22,17,21,21,,,,,,,,,,,,,,,,,,,,,,,,,,,,,,,,,,,,,,,,,,,,,,,,,,,,,,,,,,,,,,,,,,,,,,,,,,,,,,,,,,,,,,,,,,,,,,,,,,,,,,,,
Flavio,2,Externalities in the Classroom: How Children Exposed to Domestic Violence Affect Everyone's Kids,"Carrell, Scott E.","Hoekstra, Mark L.",,,,,,9,1,,,,,10.1257/app.2.1.211,,,57,"7,12",,,,,,,,,0,1,6,7,8,15,9,11,,,,,,,,,,,,,,,,,,,,,,,,,,,,,,,,,,,,,,,,,,,,,,,,,,,,,,,,,,,,,,,,,,,,,,,,,,,,,,,,,,,,,,,,,,,,,,,,,,,,,,,,
Flavio,1,Malaria Eradication in the Americas: A Retrospective Analysis of Childhood Exposure,"Bleakley, Hoyt",,,,,,,10,,,,,,10.1257/app.2.2.1,,,61,"7,62",,,,,,,,,0,3,6,5,15,12,11,7,,,,,,,,,,,,,,,,,,,,,,,,,,,,,,,,,,,,,,,,,,,,,,,,,,,,,,,,,,,,,,,,,,,,,,,,,,,,,,,,,,,,,,,,,,,,,,,,,,,,,,,,
Flavio,1,Malaria Eradication and Educational Attainment: Evidence from Paraguay and Sri Lanka,"Lucas, Adrienne M.",,,,,,,4,,,,,,10.1257/app.2.2.46,,,43,"5,38",0,0,0,0,0,0,0,0,0,3,2,6,11,6,10,6,15,5,0,,,,,,,,,,,,,,,,,,,,,,,,,,,,,,,,,,,,,,,,,,,,,,,,,,,,,,,,,,,,,,,,,,,,,,,,,,,,,,,,,,,,,,,,,,,,,,,,,,,,,
Lars,5,Early-life Malaria Exposure and Adult Outcomes: Evidence from Malaria Eradication in India,"Cutler, David","Fung, Winnie","Kremer, Michael","Singhal, Monica","Vogl, Tom",,,26,2,25,4,4,,10.1257/app.2.2.72,,,41,"5,12",,,,,,,,,0,0,3,3,8,7,11,7,,,,,,,,,,,,,,,,,,,,,,,,,,,,,,,,,,,,,,,,,,,,,,,,,,,,,,,,,,,,,,,,,,,,,,,,,,,,,,,,,,,,,,,,,,,,,,,,,,,,,,,,
Flavio,3,"Ability, Gender, and Performance Standards: Evidence from Academic Probation","Lindo, Jason M.","Sanders, Nicholas J.","Oreopoulos, Philip",,,,,4,2,10,,,,10.1257/app.2.2.95,,,10,"1,25",,,,,,,,,0,0,1,1,2,1,4,1,,,,,,,,,,,,,,,,,,,,,,,,,,,,,,,,,,,,,,,,,,,,,,,,,,,,,,,,,,,,,,,,,,,,,,,,,,,,,,,,,,,,,,,,,,,,,,,,,,,,,,,,
Flavio,3,Modern Medicine and the Twentieth Century Decline in Mortality: Evidence on the Impact of Sulfa Drugs,"Jayachandran, Seema","Lleras-Muney, Adriana","Smith, Kimberly V.",,,,,7,10,4,,,,10.1257/app.2.2.118,,,18,"2,25",0,0,0,0,0,0,0,0,0,1,1,3,3,3,5,4,3,9,0,,,,,,,,,,,,,,,,,,,,,,,,,,,,,,,,,,,,,,,,,,,,,,,,,,,,,,,,,,,,,,,,,,,,,,,,,,,,,,,,,,,,,,,,,,,,,,,,,,,,,
Flavio,1,"Information, Preferences, and Public Benefit Participation: Experimental Evidence from the Advance EITC and 401(k) Savings","Jones, Damon",,,,,,,2,,,,,,10.1257/app.2.2.147,,,8,1,,,,,,,,,0,0,1,2,2,0,2,1,,,,,,,,,,,,,,,,,,,,,,,,,,,,,,,,,,,,,,,,,,,,,,,,,,,,,,,,,,,,,,,,,,,,,,,,,,,,,,,,,,,,,,,,,,,,,,,,,,,,,,,,
Flavio,3,Promoting Healthy Choices: Information versus Convenience,"Wisdom, Jessica","Downs, Julie S.","Loewenstein, George",,,,,4,13,38,,,,10.1257/app.2.2.164,,,63,"7,88",,,,,,,,,0,0,6,7,5,14,14,17,,,,,,,,,,,,,,,,,,,,,,,,,,,,,,,,,,,,,,,,,,,,,,,,,,,,,,,,,,,,,,,,,,,,,,,,,,,,,,,,,,,,,,,,,,,,,,,,,,,,,,,,
Lars,4,Disclosure by Politicians,"Djankov, Simeon","La Porta, Rafael","Lopez-de-Silanes, Florencio","Shleifer, Andrei",,,,14,7,6,19,,,10.1257/app.2.2.179,,,27,"3,38",,,,,,,,,0,1,3,6,3,4,2,8,,,,,,,,,,,,,,,,,,,,,,,,,,,,,,,,,,,,,,,,,,,,,,,,,,,,,,,,,,,,,,,,,,,,,,,,,,,,,,,,,,,,,,,,,,,,,,,,,,,,,,,,
Lars,2,An Empirical Analysis of the Gender Gap in Mathematics,"Fryer, Roland G., Jr.","Levitt, Steven D.",,,,,,10,11,,,,,10.1257/app.2.2.210,,,62,"7,75",0,0,0,0,0,0,0,0,0,0,3,8,13,14,14,14,15,23,0,,,,,,,,,,,,,,,,,,,,,,,,,,,,,,,,,,,,,,,,,,,,,,,,,,,,,,,,,,,,,,,,,,,,,,,,,,,,,,,,,,,,,,,,,,,,,,,,,,,,,
Lars,3,Identification of Social Interactions through Partially Overlapping Peer Groups,"De Giorgi, Giacomo","Pellizzari, Michele","Redaelli, Silvia",,,,,5,6,2,,,,10.1257/app.2.2.241,,,37,"4,62",,,,,,,,,0,1,0,6,3,10,10,7,,,,,,,,,,,,,,,,,,,,,,,,,,,,,,,,,,,,,,,,,,,,,,,,,,,,,,,,,,,,,,,,,,,,,,,,,,,,,,,,,,,,,,,,,,,,,,,,,,,,,,,,
Lars,2,Does Wage Persistence Matter for Employment Fluctuations? Evidence from Displaced Workers,"Schmieder, Johannes F.","von Wachter, Till",,,,,,4,8,,,,,10.1257/app.2.3.1,,,7,"0,88",,,,,,,,,0,1,1,2,0,0,1,1,,,,,,,,,,,,,,,,,,,,,,,,,,,,,,,,,,,,,,,,,,,,,,,,,,,,,,,,,,,,,,,,,,,,,,,,,,,,,,,,,,,,,,,,,,,,,,,,,,,,,,,,
Lars,1,"Information, Direct Access to Farmers, and Rural Market Performance in Central India","Goyal, Aparajita",,,,,,,3,,,,,,10.1257/app.2.3.22,,,38,"4,75",,,,,,,,,0,2,1,2,3,11,9,9,,,,,,,,,,,,,,,,,,,,,,,,,,,,,,,,,,,,,,,,,,,,,,,,,,,,,,,,,,,,,,,,,,,,,,,,,,,,,,,,,,,,,,,,,,,,,,,,,,,,,,,,
Lars,1,Information from Markets Near and Far: Mobile Phones and Agricultural Markets in Niger,"Aker, Jenny C.",,,,,,,4,,,,,,10.1257/app.2.3.46,,,57,"7,12",,,,,,,,,0,1,2,6,5,15,12,14,,,,,,,,,,,,,,,,,,,,,,,,,,,,,,,,,,,,,,,,,,,,,,,,,,,,,,,,,,,,,,,,,,,,,,,,,,,,,,,,,,,,,,,,,,,,,,,,,,,,,,,,
Lars,4,Microfinance Games,"Gine, Xavier","Jakiela, Pamela","Karlan, Dean","Morduch, Jonathan",,,,9,2,17,9,,,10.1257/app.2.3.60,,,32,4,0,0,0,0,0,0,0,0,0,2,2,6,6,6,7,11,5,5,0,,,,,,,,,,,,,,,,,,,,,,,,,,,,,,,,,,,,,,,,,,,,,,,,,,,,,,,,,,,,,,,,,,,,,,,,,,,,,,,,,,,,,,,,,,,,,,,,,,,,,
Lars,2,"Do Temporary-Help Jobs Improve Labor Market Outcomes for Low-Skilled Workers? Evidence from ""Work First""","Autor, David H.","Houseman, Susan N.",,,,,,11,2,,,,,10.1257/app.2.3.96,,,45,"5,62",0,0,0,0,0,0,0,0,0,0,4,9,7,8,8,12,11,11,2,,,,,,,,,,,,,,,,,,,,,,,,,,,,,,,,,,,,,,,,,,,,,,,,,,,,,,,,,,,,,,,,,,,,,,,,,,,,,,,,,,,,,,,,,,,,,,,,,,,,,
Lars,3,Why Have College Completion Rates Declined? An Analysis of Changing Student Preparation and Collegiate Resources,"Bound, John","Lovenheim, Michael F.","Turner, Sarah",,,,,13,8,6,,,,10.1257/app.2.3.129,,,63,"7,88",,,,,,,,,0,0,5,5,10,16,12,14,,,,,,,,,,,,,,,,,,,,,,,,,,,,,,,,,,,,,,,,,,,,,,,,,,,,,,,,,,,,,,,,,,,,,,,,,,,,,,,,,,,,,,,,,,,,,,,,,,,,,,,,
Lars,1,US Environmental Regulation and FDI: Evidence from a Panel of US-Based Multinational Firms,"Hanna, Rema",,,,,,,5,,,,,,10.1257/app.2.3.158,,,20,"2,5",,,,,,,,,0,0,1,2,3,5,7,2,,,,,,,,,,,,,,,,,,,,,,,,,,,,,,,,,,,,,,,,,,,,,,,,,,,,,,,,,,,,,,,,,,,,,,,,,,,,,,,,,,,,,,,,,,,,,,,,,,,,,,,,
Lars,1,Service Delivery and Corruption in Public Services: How Does History Matter?,"Pandey, Priyanka",,,,,,,3,,,,,,10.1257/app.2.3.190,,,2,"0,25",,,,,,,,,0,0,0,0,1,1,0,0,,,,,,,,,,,,,,,,,,,,,,,,,,,,,,,,,,,,,,,,,,,,,,,,,,,,,,,,,,,,,,,,,,,,,,,,,,,,,,,,,,,,,,,,,,,,,,,,,,,,,,,,
Lars,3,Teacher Incentives,"Glewwe, Paul","Ilias, Nauman","Kremer, Michael",,,,,7,2,25,,,,10.1257/app.2.3.205,,,62,"7,75",,,,,,,,,0,0,6,5,15,11,15,10,,,,,,,,,,,,,,,,,,,,,,,,,,,,,,,,,,,,,,,,,,,,,,,,,,,,,,,,,,,,,,,,,,,,,,,,,,,,,,,,,,,,,,,,,,,,,,,,,,,,,,,,
Lars,4,Dynamics of the Gender Gap for Young Professionals in the Financial and Corporate Sectors,"Bertrand, Marianne","Goldin, Claudia","Katz, Lawrence F.",,,,"This article has ""Lawrence E. Katz"" in the metadata! Note: it should be Lawrence F. Katz!! (the website is corrected, but WoS still has it wrong)",15,8,12,,,,10.1257/app.2.3.228,,,95,"11,88",,,,,,,,,0,0,6,17,14,13,19,26,,,,,,,,,,,,,,,,,,,,,,,,,,,,,,,,,,,,,,,,,,,,,,,,,,,,,,,,,,,,,,,,,,,,,,,,,,,,,,,,,,,,,,,,,,,,,,,,,,,,,,,,
Lars,2,Freedom Fries,"Michaels, Guy","Zhi, Xiaojia",,,,,,7,1,,,,,10.1257/app.2.3.256,,,19,"2,38",,,,,,,,,0,0,3,2,2,2,7,3,,,,,,,,,,,,,,,,,,,,,,,,,,,,,,,,,,,,,,,,,,,,,,,,,,,,,,,,,,,,,,,,,,,,,,,,,,,,,,,,,,,,,,,,,,,,,,,,,,,,,,,,
Lars,1,Factor Immobility and Regional Impacts of Trade Liberalization: Evidence on Poverty from India,"Topalova, Petia",,,,,,,10,,,,,,10.1257/app.2.4.1,,,50,"6,25",,,,,,,,,0,0,3,3,9,8,12,15,,,,,,,,,,,,,,,,,,,,,,,,,,,,,,,,,,,,,,,,,,,,,,,,,,,,,,,,,,,,,,,,,,,,,,,,,,,,,,,,,,,,,,,,,,,,,,,,,,,,,,,,
Lars,3,Trade Adjustment and Human Capital Investments: Evidence from Indian Tariff Reform,"Edmonds, Eric V.","Pavcnik, Nina","Topalova, Petia",,,,,6,6,10,,,,10.1257/app.2.4.42,,,15,"1,88",,,,,,,,,0,1,2,4,1,2,1,4,,,,,,,,,,,,,,,,,,,,,,,,,,,,,,,,,,,,,,,,,,,,,,,,,,,,,,,,,,,,,,,,,,,,,,,,,,,,,,,,,,,,,,,,,,,,,,,,,,,,,,,,
Lars,3,Beyond Signaling and Human Capital: Education and the Revelation of Ability,"Arcidiacono, Peter","Bayer, Patrick","Hizmo, Aurel",,,,,7,7,1,,,,10.1257/app.2.4.76,,,35,"4,38",,,,,,,,,0,0,2,6,3,8,9,6,,,,,,,,,,,,,,,,,,,,,,,,,,,,,,,,,,,,,,,,,,,,,,,,,,,,,,,,,,,,,,,,,,,,,,,,,,,,,,,,,,,,,,,,,,,,,,,,,,,,,,,,
Lars,2,The Flattening Firm and Product Market Competition: The Effect of Trade Liberalization on Corporate Hierarchies,"Guadalupe, Maria","Wulf, Julie",,,,,,7,7,,,,,10.1257/app.2.4.105,,,30,"3,75",,,,,,,,,0,0,1,6,4,11,3,5,,,,,,,,,,,,,,,,,,,,,,,,,,,,,,,,,,,,,,,,,,,,,,,,,,,,,,,,,,,,,,,,,,,,,,,,,,,,,,,,,,,,,,,,,,,,,,,,,,,,,,,,
Lars,2,Minimum Wages and Earnings Inequality in Urban Mexico,"Bosch, Mariano","Manacorda, Marco",,,,,,5,7,,,,,10.1257/app.2.4.128,,,17,"2,12",,,,,,,,,0,0,2,0,5,1,6,3,,,,,,,,,,,,,,,,,,,,,,,,,,,,,,,,,,,,,,,,,,,,,,,,,,,,,,,,,,,,,,,,,,,,,,,,,,,,,,,,,,,,,,,,,,,,,,,,,,,,,,,,
Lars,3,School Competition and Efficiency with Publicly Funded Catholic Schools,"Card, David","Dooley, Martin D.","Payne, A. Abigail",,,,,15,3,3,,,,10.1257/app.2.4.150,,,15,"1,88",,,,,,,,,0,0,0,0,4,4,6,1,,,,,,,,,,,,,,,,,,,,,,,,,,,,,,,,,,,,,,,,,,,,,,,,,,,,,,,,,,,,,,,,,,,,,,,,,,,,,,,,,,,,,,,,,,,,,,,,,,,,,,,,
Lars,1,(Over)insuring Modest Risks,"Sydnor, Justin",,,,,,,5,,,,,,10.1257/app.2.4.177,,,40,5,0,0,0,0,0,0,0,0,0,0,2,3,9,6,11,13,20,10,0,,,,,,,,,,,,,,,,,,,,,,,,,,,,,,,,,,,,,,,,,,,,,,,,,,,,,,,,,,,,,,,,,,,,,,,,,,,,,,,,,,,,,,,,,,,,,,,,,,,,,
Odie,2,Government Spending and Legislative Organization: Quasi-Experimental Evidence from Germany,"Egger, Peter","Koethenbuerger, Marko",,,,,,15,6,,,,,10.1257/app.2.4.200,,,17,"2,12",,,,,,,,,0,0,0,0,1,2,7,6,,,,,,,,,,,,,,,,,,,,,,,,,,,,,,,,,,,,,,,,,,,,,,,,,,,,,,,,,,,,,,,,,,,,,,,,,,,,,,,,,,,,,,,,,,,,,,,,,,,,,,,,
Lars,3,Put Your Money Where Your Butt Is: A Commitment Contract for Smoking Cessation,"Gine, Xavier","Karlan, Dean","Zinman, Jonathan",,,,,9,17,14,,,,10.1257/app.2.4.213,,,53,"6,62",0,0,0,0,0,0,0,0,0,0,2,5,6,13,18,16,20,20,0,,,,,,,,,,,,,,,,,,,,,,,,,,,,,,,,,,,,,,,,,,,,,,,,,,,,,,,,,,,,,,,,,,,,,,,,,,,,,,,,,,,,,,,,,,,,,,,,,,,,,
Odie,2,The Importance of Being Wanted,"Do, Quy-Toan","Phung, Tung D.",,,,,,6,1,,,,,10.1257/app.2.4.236,,,6,"0,75",,,,,,,,,0,0,0,1,1,1,3,0,,,,,,,,,,,,,,,,,,,,,,,,,,,,,,,,,,,,,,,,,,,,,,,,,,,,,,,,,,,,,,,,,,,,,,,,,,,,,,,,,,,,,,,,,,,,,,,,,,,,,,,,
Odie,6,Barriers to Household Risk Management: Evidence from India,"Cole, Shawn","Gine, Xavier","Tobacman, Jeremy","Topalova, Petia","Townsend, Robert","Vickery, James",,7,9,3,10,10,5,10.1257/app.5.1.104,,,56,"11,2",,,,,,,,,0,0,0,0,4,15,16,19,,,,,,,,,,,,,,,,,,,,,,,,,,,,,,,,,,,,,,,,,,,,,,,,,,,,,,,,,,,,,,,,,,,,,,,,,,,,,,,,,,,,,,,,,,,,,,,,,,,,,,,,
Odie,2,A Female Style in Corporate Leadership? Evidence from Quotas,"Matsa, David A.","Miller, Amalia R.",,,,,,7,8,,,,,10.1257/app.5.3.136,,,47,"9,4",0,0,0,0,0,0,0,0,0,0,0,0,2,19,12,21,21,28,1,,,,,,,,,,,,,,,,,,,,,,,,,,,,,,,,,,,,,,,,,,,,,,,,,,,,,,,,,,,,,,,,,,,,,,,,,,,,,,,,,,,,,,,,,,,,,,,,,,,,,
Odie,1,Real Wage Inequality,"Moretti, Enrico",,,,,,,17,,,,,,10.1257/app.5.1.65,,,35,7,,,,,,,,,0,0,0,0,2,15,10,8,,,,,,,,,,,,,,,,,,,,,,,,,,,,,,,,,,,,,,,,,,,,,,,,,,,,,,,,,,,,,,,,,,,,,,,,,,,,,,,,,,,,,,,,,,,,,,,,,,,,,,,,
Odie,2,Do Oil Windfalls Improve Living Standards? Evidence from Brazil,"Caselli, Francesco","Michaels, Guy",,,,,,8,7,,,,,10.1257/app.5.1.208,,,45,9,,,,,,,,,0,0,0,0,3,2,19,20,,,,,,,,,,,,,,,,,,,,,,,,,,,,,,,,,,,,,,,,,,,,,,,,,,,,,,,,,,,,,,,,,,,,,,,,,,,,,,,,,,,,,,,,,,,,,,,,,,,,,,,,
Odie,2,Savings Constraints and Microenterprise Development: Evidence from a Field Experiment in Kenya,"Dupas, Pascaline","Robinson, Jonathan",,,,,,9,6,,,,,10.1257/app.5.1.163,,,45,9,,,,,,,,,0,0,0,0,6,8,9,22,,,,,,,,,,,,,,,,,,,,,,,,,,,,,,,,,,,,,,,,,,,,,,,,,,,,,,,,,,,,,,,,,,,,,,,,,,,,,,,,,,,,,,,,,,,,,,,,,,,,,,,,
Odie,2,Cognitive Abilities and Household Financial Decision Making,"Agarwal, Sumit","Mazumder, Bhashkar",,,,,,9,7,,,,,10.1257/app.5.1.193,,,38,"7,6",,,,,,,,,0,0,0,0,4,3,15,15,,,,,,,,,,,,,,,,,,,,,,,,,,,,,,,,,,,,,,,,,,,,,,,,,,,,,,,,,,,,,,,,,,,,,,,,,,,,,,,,,,,,,,,,,,,,,,,,,,,,,,,,
Flavio,2,The Trouble with Boys: Social Influences and the Gender Gap in Disruptive Behavior,"Bertrand, Marianne","Pan, Jessica",,,,,,15,3,,,,,10.1257/app.5.1.32,,,31,"6,2",,,,,,,,,0,0,0,0,2,3,16,10,,,,,,,,,,,,,,,,,,,,,,,,,,,,,,,,,,,,,,,,,,,,,,,,,,,,,,,,,,,,,,,,,,,,,,,,,,,,,,,,,,,,,,,,,,,,,,,,,,,,,,,,
Odie,6,"School Inputs, Household Substitution, and Test Scores","Das, Jishnu","Dercon, Stefan","Habyarimana, James","Krishnan, Pramila","Muralidharan, Karthik","Sundararaman, Venkatesh",,9,11,4,5,5,4,10.1257/app.5.2.29,,,22,"4,4",,,,,,,,,0,0,0,0,1,5,11,5,,,,,,,,,,,,,,,,,,,,,,,,,,,,,,,,,,,,,,,,,,,,,,,,,,,,,,,,,,,,,,,,,,,,,,,,,,,,,,,,,,,,,,,,,,,,,,,,,,,,,,,,
Odie,2,Teaching the Tax Code: Earnings Responses to an Experiment with EITC Recipients,"Chetty, Raj","Saez, Emmanuel",,,,,,18,19,,,,,10.1257/app.5.1.1,,,26,"5,2",,,,,,,,,0,0,0,0,4,4,8,10,,,,,,,,,,,,,,,,,,,,,,,,,,,,,,,,,,,,,,,,,,,,,,,,,,,,,,,,,,,,,,,,,,,,,,,,,,,,,,,,,,,,,,,,,,,,,,,,,,,,,,,,
Odie,3,Explaining Charter School Effectiveness,"Angrist, Joshua D.","Pathak, Parag A.","Walters, Christopher R.",,,,,13,10,3,,,,10.1257/app.5.4.1,,,32,"6,4",0,0,0,0,0,0,0,0,0,0,0,0,0,4,10,21,19,19,0,,,,,,,,,,,,,,,,,,,,,,,,,,,,,,,,,,,,,,,,,,,,,,,,,,,,,,,,,,,,,,,,,,,,,,,,,,,,,,,,,,,,,,,,,,,,,,,,,,,,,
Odie,3,Development Effects of Electrification: Evidence from the Topographic Placement of Hydropower Plants in Brazil,"Lipscomb, Molly","Mobarak, A. Mushfiq","Barham, Tania",,,,,1,2,3,,,,10.1257/app.5.2.200,,,21,"4,2",,,,,,,,,0,0,0,0,0,3,11,7,,,,,,,,,,,,,,,,,,,,,,,,,,,,,,,,,,,,,,,,,,,,,,,,,,,,,,,,,,,,,,,,,,,,,,,,,,,,,,,,,,,,,,,,,,,,,,,,,,,,,,,,
Odie,2,Getting Beneath the Veil of Effective Schools: Evidence From New York City,"Dobbie, Will","Fryer, Roland G., Jr.",,,,,,3,9,,,,,10.1257/app.5.4.28,,,27,"5,4",0,0,0,0,0,0,0,0,0,0,0,0,0,3,11,15,14,17,0,,,,,,,,,,,,,,,,,,,,,,,,,,,,,,,,,,,,,,,,,,,,,,,,,,,,,,,,,,,,,,,,,,,,,,,,,,,,,,,,,,,,,,,,,,,,,,,,,,,,,
Flavio,3,Teaching Practices and Social Capital,"Algan, Yann","Cahuc, Pierre","Shleifer, Andrei",,,,,9,9,19,,,,10.1257/app.5.3.189,,,20,4,,,,,,,,,0,0,0,0,2,6,5,7,,,,,,,,,,,,,,,,,,,,,,,,,,,,,,,,,,,,,,,,,,,,,,,,,,,,,,,,,,,,,,,,,,,,,,,,,,,,,,,,,,,,,,,,,,,,,,,,,,,,,,,,
Odie,2,Texting Bans and Fatal Accidents on Roadways: Do They Work? Or Do Drivers Just React to Announcements of Bans?,"Abouk, Rahi","Adams, Scott",,,,,,1,6,,,,,10.1257/app.5.2.179,,,16,"3,2",,,,,,,,,0,0,0,0,0,3,6,6,,,,,,,,,,,,,,,,,,,,,,,,,,,,,,,,,,,,,,,,,,,,,,,,,,,,,,,,,,,,,,,,,,,,,,,,,,,,,,,,,,,,,,,,,,,,,,,,,,,,,,,,
Odie,1,Asymmetric Information between Employers,"Kahn, Lisa B.",,,,,,,2,,,,,,10.1257/app.5.4.165,,,17,"3,4",,,,,,,,,0,0,0,0,1,1,6,8,,,,,,,,,,,,,,,,,,,,,,,,,,,,,,,,,,,,,,,,,,,,,,,,,,,,,,,,,,,,,,,,,,,,,,,,,,,,,,,,,,,,,,,,,,,,,,,,,,,,,,,,
Flavio,2,Bringing Education to Afghan Girls: A Randomized Controlled Trial of Village-Based Schools,"Burde, Dana","Linden, Leigh L.",,,,,,2,5,,,,,10.1257/app.5.3.27,,,14,"2,8",,,,,,,,,0,0,0,0,1,1,4,8,,,,,,,,,,,,,,,,,,,,,,,,,,,,,,,,,,,,,,,,,,,,,,,,,,,,,,,,,,,,,,,,,,,,,,,,,,,,,,,,,,,,,,,,,,,,,,,,,,,,,,,,
Odie,3,"The Demand for, and Consequences of, Formalization among Informal Firms in Sri Lanka","de Mel, Suresh","McKenzie, David","Woodruff, Christopher",,,,,6,19,11,,,,10.1257/app.5.2.122,,,15,3,,,,,,,,,0,0,0,0,1,3,2,9,,,,,,,,,,,,,,,,,,,,,,,,,,,,,,,,,,,,,,,,,,,,,,,,,,,,,,,,,,,,,,,,,,,,,,,,,,,,,,,,,,,,,,,,,,,,,,,,,,,,,,,,
Odie,1,Making Yourself Attractive: Pre-Marital Investments and the Returns to Education in the Marriage Market,"Lafortune, Jeanne",,,,,,,2,,,,,,10.1257/app.5.2.151,,,8,"1,6",,,,,,,,,0,0,0,0,0,0,7,0,,,,,,,,,,,,,,,,,,,,,,,,,,,,,,,,,,,,,,,,,,,,,,,,,,,,,,,,,,,,,,,,,,,,,,,,,,,,,,,,,,,,,,,,,,,,,,,,,,,,,,,,
Odie,2,Can Informed Public Deliberation Overcome Clientelism? Experimental Evidence from Benin,"Fujiwara, Thomas","Wantchekon, Leonard",,,,,,2,3,,,,,10.1257/app.5.4.241,,,12,"2,4",,,,,,,,,0,0,0,0,0,2,4,6,,,,,,,,,,,,,,,,,,,,,,,,,,,,,,,,,,,,,,,,,,,,,,,,,,,,,,,,,,,,,,,,,,,,,,,,,,,,,,,,,,,,,,,,,,,,,,,,,,,,,,,,
Odie,1,How Does the Market Use Citation Data? The Hirsch Index in Economics,"Ellison, Glenn",,,,,,,9,,,,,,10.1257/app.5.3.63,,,10,2,,,,,,,,,0,0,0,0,0,2,3,5,,,,,,,,,,,,,,,,,,,,,,,,,,,,,,,,,,,,,,,,,,,,,,,,,,,,,,,,,,,,,,,,,,,,,,,,,,,,,,,,,,,,,,,,,,,,,,,,,,,,,,,,
Odie,5,"Health, Height, Height Shrinkage, and SES at Older Ages: Evidence from China","Huang, Wei","Lei, Xiaoyan","Ridder, Geert","Strauss, John","Zhao, Yaohui",,,7,4,6,4,6,,10.1257/app.5.2.86,,,9,"1,8",,,,,,,,,0,0,0,0,1,2,3,3,,,,,,,,,,,,,,,,,,,,,,,,,,,,,,,,,,,,,,,,,,,,,,,,,,,,,,,,,,,,,,,,,,,,,,,,,,,,,,,,,,,,,,,,,,,,,,,,,,,,,,,,
Odie,1,Private Information and the Allocation of Land Use Subsidies in Malawi,"Jack, B. Kelsey",,,,,,,5,,,,,,10.1257/app.5.3.113,,,7,"1,4",,,,,,,,,0,0,0,0,0,2,3,2,,,,,,,,,,,,,,,,,,,,,,,,,,,,,,,,,,,,,,,,,,,,,,,,,,,,,,,,,,,,,,,,,,,,,,,,,,,,,,,,,,,,,,,,,,,,,,,,,,,,,,,,
Odie,5,Young Adult Obesity and Household Income: Effects of Unconditional Cash Transfers,"Akee, Randall","Simeonova, Emilia","Copeland, William","Angold, Adrian","Costello, E. Jane",,,4,3,13,40,36,,10.1257/app.5.2.1,,,6,"1,2",,,,,,,,,0,0,0,0,0,2,3,1,,,,,,,,,,,,,,,,,,,,,,,,,,,,,,,,,,,,,,,,,,,,,,,,,,,,,,,,,,,,,,,,,,,,,,,,,,,,,,,,,,,,,,,,,,,,,,,,,,,,,,,,
Odie,2,"Employment, Wages, and Voter Turnout","Charles, Kerwin Kofi","Stephens, Melvin, Jr.",,,,,,9,7,,,,,10.1257/app.5.4.111,,,7,"1,4",,,,,,,,,0,0,0,0,0,4,0,3,,,,,,,,,,,,,,,,,,,,,,,,,,,,,,,,,,,,,,,,,,,,,,,,,,,,,,,,,,,,,,,,,,,,,,,,,,,,,,,,,,,,,,,,,,,,,,,,,,,,,,,,
Odie,2,Information Asymmetries in Consumer Credit Markets: Evidence from Payday Lending,"Dobbie, Will","Skiba, Paige Marta",,,,,,3,3,,,,,10.1257/app.5.4.256,,,8,"1,6",0,0,0,0,0,0,0,0,0,0,0,0,0,1,3,3,4,8,0,,,,,,,,,,,,,,,,,,,,,,,,,,,,,,,,,,,,,,,,,,,,,,,,,,,,,,,,,,,,,,,,,,,,,,,,,,,,,,,,,,,,,,,,,,,,,,,,,,,,,
Odie,2,The Impact of Intergovernmental Transfers on Education Outcomes and Poverty Reduction,"Litschig, Stephan","Morrison, Kevin M.",,,,,,2,5,,,,,10.1257/app.5.4.206,,,10,2,,,,,,,,,0,0,0,0,0,1,3,6,,,,,,,,,,,,,,,,,,,,,,,,,,,,,,,,,,,,,,,,,,,,,,,,,,,,,,,,,,,,,,,,,,,,,,,,,,,,,,,,,,,,,,,,,,,,,,,,,,,,,,,,
Odie,3,"Risk Protection, Service Use, and Health Outcomes under Colombia's Health Insurance Program for the Poor","Miller, Grant","Pinto, Diana","Vera-Hernandez, Marcos",,,,,8,1,4,,,,10.1257/app.5.4.61,,,7,"1,4",0,0,0,0,0,0,0,0,0,0,0,0,0,0,4,5,8,8,1,,,,,,,,,,,,,,,,,,,,,,,,,,,,,,,,,,,,,,,,,,,,,,,,,,,,,,,,,,,,,,,,,,,,,,,,,,,,,,,,,,,,,,,,,,,,,,,,,,,,,
Odie,1,Fuel Economy and Safety: The Influences of Vehicle Class and Driver Behavior,"Jacobsen, Mark R.",,,,,,,4,,,,,,10.1257/app.5.3.1,,,6,"1,2",,,,,,,,,0,0,0,0,0,2,2,2,,,,,,,,,,,,,,,,,,,,,,,,,,,,,,,,,,,,,,,,,,,,,,,,,,,,,,,,,,,,,,,,,,,,,,,,,,,,,,,,,,,,,,,,,,,,,,,,,,,,,,,,
Flavio,3,The Gorbachev Anti-Alcohol Campaign and Russia's Mortality Crisis,"Bhattacharya, Jay","Gathmann, Christina","Miller, Grant",,,,,11,4,8,,,,10.1257/app.5.2.232,,,6,"1,2",,,,,,,,,0,0,0,0,1,1,3,1,,,,,,,,,,,,,,,,,,,,,,,,,,,,,,,,,,,,,,,,,,,,,,,,,,,,,,,,,,,,,,,,,,,,,,,,,,,,,,,,,,,,,,,,,,,,,,,,,,,,,,,,
Odie,5,The Effect of Absenteeism and Clinic Protocol on Health Outcomes: The Case of Mother-to-Child Transmission of HIV in Kenya,"Goldstein, Markus","Zivin, Joshua Graff","Habyarimana, James","Pop-Eleches, Cristian","Thirumurthy, Harsha",,,4,12,4,6,6,,10.1257/app.5.2.58,,,5,1,,,,,,,,,0,0,0,0,0,2,3,0,,,,,,,,,,,,,,,,,,,,,,,,,,,,,,,,,,,,,,,,,,,,,,,,,,,,,,,,,,,,,,,,,,,,,,,,,,,,,,,,,,,,,,,,,,,,,,,,,,,,,,,,
Flavio,2,Experimental Evidence on the Effects of Home Computers on Academic Achievement among Schoolchildren,"Fairlie, Robert W.","Robinson, Jonathan",,,,,,10,6,,,,,10.1257/app.5.3.211,,,5,1,,,,,,,,,0,0,0,0,0,2,1,2,,,,,,,,,,,,,,,,,,,,,,,,,,,,,,,,,,,,,,,,,,,,,,,,,,,,,,,,,,,,,,,,,,,,,,,,,,,,,,,,,,,,,,,,,,,,,,,,,,,,,,,,
Flavio,4,The Effects of Girl-Friendly Schools: Evidence from the BRIGHT School Construction Program in Burkina Faso,"Kazianga, Harounan","Levy, Dan","Linden, Leigh L.","Sloan, Matt",,,,4,3,5,1,,,10.1257/app.5.3.41,,,6,"1,2",,,,,,,,,0,0,0,0,0,2,1,3,,,,,,,,,,,,,,,,,,,,,,,,,,,,,,,,,,,,,,,,,,,,,,,,,,,,,,,,,,,,,,,,,,,,,,,,,,,,,,,,,,,,,,,,,,,,,,,,,,,,,,,,
Odie,1,Deterrence and Geographical Externalities in Auto Theft,"Gonzalez-Navarro, Marco",,,,,,,2,,,,,,10.1257/app.5.4.92,,,4,"0,8",,,,,,,,,0,0,0,0,0,1,1,2,,,,,,,,,,,,,,,,,,,,,,,,,,,,,,,,,,,,,,,,,,,,,,,,,,,,,,,,,,,,,,,,,,,,,,,,,,,,,,,,,,,,,,,,,,,,,,,,,,,,,,,,
Odie,1,"Marriage Networks, Nepotism, and Labor Market Outcomes in China","Wang, Shing-Yi",,,,,,,3,,,,,,10.1257/app.5.3.91,,,5,1,,,,,,,,,0,0,0,0,0,1,1,3,,,,,,,,,,,,,,,,,,,,,,,,,,,,,,,,,,,,,,,,,,,,,,,,,,,,,,,,,,,,,,,,,,,,,,,,,,,,,,,,,,,,,,,,,,,,,,,,,,,,,,,,
Odie,2,Slum Clearance and Urban Renewal in the United States,"Collins, William J.","Shester, Katharine L.",,,,,,4,1,,,,,10.1257/app.5.1.239,,,3,"0,6",0,0,0,0,0,0,0,0,0,0,0,0,1,1,0,1,4,0,0,,,,,,,,,,,,,,,,,,,,,,,,,,,,,,,,,,,,,,,,,,,,,,,,,,,,,,,,,,,,,,,,,,,,,,,,,,,,,,,,,,,,,,,,,,,,,,,,,,,,,
Odie,4,Back on the Rails: Competition and Productivity in State-Owned Industry,"Das, Sanghamitra","Krishna, Kala","Lychagin, Sergey","Somanathan, Rohini",,,,4,4,1,2,,,10.1257/app.5.1.136,,,3,"0,6",,,,,,,,,0,0,0,0,1,1,0,1,,,,,,,,,,,,,,,,,,,,,,,,,,,,,,,,,,,,,,,,,,,,,,,,,,,,,,,,,,,,,,,,,,,,,,,,,,,,,,,,,,,,,,,,,,,,,,,,,,,,,,,,
Odie,1,Immigrants' Labor Supply and Exchange Rate Volatility,"Nekoei, Arash",,,,,,,1,,,,,,10.1257/app.5.4.144,,,2,"0,4",,,,,,,,,0,0,0,0,0,0,0,2,,,,,,,,,,,,,,,,,,,,,,,,,,,,,,,,,,,,,,,,,,,,,,,,,,,,,,,,,,,,,,,,,,,,,,,,,,,,,,,,,,,,,,,,,,,,,,,,,,,,,,,,
Flavio,3,Campaign Contributions over CEOs' Careers,"Fremeth, Adam","Richter, Brian Kelleher","Schaufele, Brandon",,,,,2,2,1,,,,10.1257/app.5.3.170,,,2,"0,4",,,,,,,,,0,0,0,0,0,0,1,1,,,,,,,,,,,,,,,,,,,,,,,,,,,,,,,,,,,,,,,,,,,,,,,,,,,,,,,,,,,,,,,,,,,,,,,,,,,,,,,,,,,,,,,,,,,,,,,,,,,,,,,,
Flavio,2,Mechanisms and Impacts of Gender Peer Effects at School,"Lavy, Victor","Schlosser, Analia",,,,,,10,3,,,,,10.1257/app.3.2.1,,,76,"10,86",,,,,,,,,0,0,1,6,15,21,18,14,,,,,,,,,,,,,,,,,,,,,,,,,,,,,,,,,,,,,,,,,,,,,,,,,,,,,,,,,,,,,,,,,,,,,,,,,,,,,,,,,,,,,,,,,,,,,,,,,,,,,,,,
Odie,2,Are High-Quality Schools Enough to Increase Achievement Among the Poor? Evidence from the Harlem Children's Zone,"Dobbie, Will","Fryer, Roland G., Jr.",,,,,,3,9,,,,,10.1257/app.3.3.158,,,83,"11,86",0,0,0,0,0,0,0,0,0,0,3,8,12,13,21,36,22,26,2,,,,,,,,,,,,,,,,,,,,,,,,,,,,,,,,,,,,,,,,,,,,,,,,,,,,,,,,,,,,,,,,,,,,,,,,,,,,,,,,,,,,,,,,,,,,,,,,,,,,,
Odie,1,Economic Shocks and Civil Conflict: A Comment,"Ciccone, Antonio",,,,,,,8,,,,,,10.1257/app.3.4.215,,,64,"9,14",,,,,,,,,0,0,1,11,9,18,15,10,,,,,,,,,,,,,,,,,,,,,,,,,,,,,,,,,,,,,,,,,,,,,,,,,,,,,,,,,,,,,,,,,,,,,,,,,,,,,,,,,,,,,,,,,,,,,,,,,,,,,,,,
Odie,1,Do Teenagers Respond to HIV Risk Information? Evidence from a Field Experiment in Kenya,"Dupas, Pascaline",,,,,,,9,,,,,,10.1257/app.3.1.1,,,62,"8,86",,,,,,,,,0,0,6,13,4,12,15,12,,,,,,,,,,,,,,,,,,,,,,,,,,,,,,,,,,,,,,,,,,,,,,,,,,,,,,,,,,,,,,,,,,,,,,,,,,,,,,,,,,,,,,,,,,,,,,,,,,,,,,,,
Flavio,2,The Labor Market Returns to Cognitive and Noncognitive Ability: Evidence from the Swedish Enlistment,"Lindqvist, Erik","Vestman, Roine",,,,,,6,1,,,,,10.1257/app.3.1.101,,,67,"9,57",,,,,,,,,0,0,3,10,9,17,11,17,,,,,,,,,,,,,,,,,,,,,,,,,,,,,,,,,,,,,,,,,,,,,,,,,,,,,,,,,,,,,,,,,,,,,,,,,,,,,,,,,,,,,,,,,,,,,,,,,,,,,,,,
Flavio,2,Health Capital and the Prenatal Environment: The Effect of Ramadan Observance During Pregnancy,"Almond, Douglas","Mazumder, Bhashkar",,,,,,11,7,,,,,10.1257/app.3.4.56,,,65,"9,29",,,,,,,,,0,0,1,5,12,16,14,17,,,,,,,,,,,,,,,,,,,,,,,,,,,,,,,,,,,,,,,,,,,,,,,,,,,,,,,,,,,,,,,,,,,,,,,,,,,,,,,,,,,,,,,,,,,,,,,,,,,,,,,,
Flavio,2,Traffic Congestion and Infant Health: Evidence from E-ZPass,"Currie, Janet","Walker, Reed",,,,,,22,1,,,,,10.1257/app.3.1.65,,,60,"8,57",,,,,,,,,0,0,3,8,11,9,12,16,,,,,,,,,,,,,,,,,,,,,,,,,,,,,,,,,,,,,,,,,,,,,,,,,,,,,,,,,,,,,,,,,,,,,,,,,,,,,,,,,,,,,,,,,,,,,,,,,,,,,,,,
Flavio,2,"Climate Change, Mortality, and Adaptation: Evidence from Annual Fluctuations in Weather in the US","Deschenes, Olivier","Greenstone, Michael",,,,,,6,11,,,,,10.1257/app.3.4.152,,,57,"8,14",0,0,0,0,0,0,0,0,0,0,1,3,5,16,13,26,29,31,3,,,,,,,,,,,,,,,,,,,,,,,,,,,,,,,,,,,,,,,,,,,,,,,,,,,,,,,,,,,,,,,,,,,,,,,,,,,,,,,,,,,,,,,,,,,,,,,,,,,,,
Flavio,2,Low-Skilled Immigration and the Labor Supply of Highly Skilled Women,"Cortes, Patricia","Tessada, Jose",,,,,,3,2,,,,,10.1257/app.3.3.88,,,40,"5,71",0,0,0,0,0,0,0,0,0,0,0,4,8,9,15,9,11,11,2,,,,,,,,,,,,,,,,,,,,,,,,,,,,,,,,,,,,,,,,,,,,,,,,,,,,,,,,,,,,,,,,,,,,,,,,,,,,,,,,,,,,,,,,,,,,,,,,,,,,,
Odie,2,Are Restaurants Really Supersizing America?,"Anderson, Michael L.","Matsa, David A.",,,,,,3,7,,,,,10.1257/app.3.1.152,,,40,"5,71",0,0,0,0,0,0,0,0,0,0,0,0,2,19,12,21,21,28,1,,,,,,,,,,,,,,,,,,,,,,,,,,,,,,,,,,,,,,,,,,,,,,,,,,,,,,,,,,,,,,,,,,,,,,,,,,,,,,,,,,,,,,,,,,,,,,,,,,,,,
Flavio,2,Was There Really a Hawthorne Effect at the Hawthorne Plant? An Analysis of the Original Illumination Experiments,"Levitt, Steven D.","List, John A.",,,,,,11,24,,,,,10.1257/app.3.1.224,,,38,"5,43",0,0,0,0,0,0,0,0,0,0,3,4,10,9,8,8,18,12,0,,,,,,,,,,,,,,,,,,,,,,,,,,,,,,,,,,,,,,,,,,,,,,,,,,,,,,,,,,,,,,,,,,,,,,,,,,,,,,,,,,,,,,,,,,,,,,,,,,,,,
Flavio,2,Transactional Sex as a Response to Risk in Western Kenya,"Robinson, Jonathan","Yeh, Ethan",,,,,,6,3,,,,,10.1257/app.3.1.35,,,40,"5,71",,,,,,,,,0,0,3,12,5,6,8,6,,,,,,,,,,,,,,,,,,,,,,,,,,,,,,,,,,,,,,,,,,,,,,,,,,,,,,,,,,,,,,,,,,,,,,,,,,,,,,,,,,,,,,,,,,,,,,,,,,,,,,,,
Odie,3,Marrying Up: The Role of Sex Ratio in Assortative Matching,"Abramitzky, Ran","Delavande, Adeline","Vasconcelos, Luis",,,,,6,6,2,,,,10.1257/app.3.3.124,,,31,"4,43",0,0,0,0,0,0,0,0,0,0,0,1,9,5,10,5,10,12,0,,,,,,,,,,,,,,,,,,,,,,,,,,,,,,,,,,,,,,,,,,,,,,,,,,,,,,,,,,,,,,,,,,,,,,,,,,,,,,,,,,,,,,,,,,,,,,,,,,,,,
Odie,4,Do Value-Added Estimates Add Value? Accounting for Learning Dynamics,"Andrabi, Tahir","Das, Jishnu","Khwaja, Asim Ijaz","Zajonc, Tristan",,,,4,9,8,3,,,10.1257/app.3.3.29,,,30,"4,29",,,,,,,,,0,0,0,5,4,7,8,6,,,,,,,,,,,,,,,,,,,,,,,,,,,,,,,,,,,,,,,,,,,,,,,,,,,,,,,,,,,,,,,,,,,,,,,,,,,,,,,,,,,,,,,,,,,,,,,,,,,,,,,,
Flavio,3,Government Transfers and Political Support,"Manacorda, Marco","Miguel, Edward","Vigorito, Andrea",,,,,7,21,2,,,,10.1257/app.3.3.1,,,39,"5,57",,,,,,,,,0,0,0,3,5,4,12,13,,,,,,,,,,,,,,,,,,,,,,,,,,,,,,,,,,,,,,,,,,,,,,,,,,,,,,,,,,,,,,,,,,,,,,,,,,,,,,,,,,,,,,,,,,,,,,,,,,,,,,,,
Flavio,4,Improving the Design of Conditional Transfer Programs: Evidence from a Randomized Education Experiment in Colombia,"Barrera-Osorio, Felipe","Bertrand, Marianne","Linden, Leigh L.","Perez-Calle, Francisco",,,,3,15,5,1,,,10.1257/app.3.2.167,,,33,"4,71",,,,,,,,,0,0,3,2,6,8,5,9,,,,,,,,,,,,,,,,,,,,,,,,,,,,,,,,,,,,,,,,,,,,,,,,,,,,,,,,,,,,,,,,,,,,,,,,,,,,,,,,,,,,,,,,,,,,,,,,,,,,,,,,
Flavio,2,Re-examining Economic Shocks and Civil Conflict,"Miguel, Edward","Satyanath, Shanker",,,,,,21,6,,,,,10.1257/app.3.4.228,,,27,"3,86",,,,,,,,,0,0,0,0,4,9,9,5,,,,,,,,,,,,,,,,,,,,,,,,,,,,,,,,,,,,,,,,,,,,,,,,,,,,,,,,,,,,,,,,,,,,,,,,,,,,,,,,,,,,,,,,,,,,,,,,,,,,,,,,
Odie,1,Returns to Local-Area Health Care Spending: Evidence from Health Shocks to Patients Far From Home,"Doyle, Joseph J., Jr.",,,,,,,7,,,,,,10.1257/app.3.3.221,,,28,4,,,,,,,,,0,0,0,3,4,7,7,7,,,,,,,,,,,,,,,,,,,,,,,,,,,,,,,,,,,,,,,,,,,,,,,,,,,,,,,,,,,,,,,,,,,,,,,,,,,,,,,,,,,,,,,,,,,,,,,,,,,,,,,,
Flavio,2,"Menstruation, Sanitary Products, and School Attendance: Evidence from a Randomized Evaluation","Oster, Emily","Thornton, Rebecca",,,,,,10,7,,,,,10.1257/app.3.1.91,,,30,"4,29",,,,,,,,,0,0,1,3,5,5,4,12,,,,,,,,,,,,,,,,,,,,,,,,,,,,,,,,,,,,,,,,,,,,,,,,,,,,,,,,,,,,,,,,,,,,,,,,,,,,,,,,,,,,,,,,,,,,,,,,,,,,,,,,
Odie,2,Government Advertising and Media Coverage of Corruption Scandals,"Di Tella, Rafael","Franceschelli, Ignacio",,,,,,7,2,,,,,10.1257/app.3.4.119,,,22,"3,14",,,,,,,,,0,0,0,2,3,4,7,6,,,,,,,,,,,,,,,,,,,,,,,,,,,,,,,,,,,,,,,,,,,,,,,,,,,,,,,,,,,,,,,,,,,,,,,,,,,,,,,,,,,,,,,,,,,,,,,,,,,,,,,,
Odie,2,Schooling and the Vietnam-Era GI Bill: Evidence from the Draft Lottery,"Angrist, Joshua D.","Chen, Stacey H.",,,,,,13,5,,,,,10.1257/app.3.2.96,,,28,4,,,,,,,,,0,0,1,6,2,3,4,12,,,,,,,,,,,,,,,,,,,,,,,,,,,,,,,,,,,,,,,,,,,,,,,,,,,,,,,,,,,,,,,,,,,,,,,,,,,,,,,,,,,,,,,,,,,,,,,,,,,,,,,,
Odie,1,Caste as an Impediment to Trade,"Anderson, Siwan",,,,,,,6,,,,,,10.1257/app.3.1.239,,,20,"2,86",,,,,,,,,0,0,1,2,1,5,6,4,,,,,,,,,,,,,,,,,,,,,,,,,,,,,,,,,,,,,,,,,,,,,,,,,,,,,,,,,,,,,,,,,,,,,,,,,,,,,,,,,,,,,,,,,,,,,,,,,,,,,,,,
Odie,3,Subsidizing Vocational Training for Disadvantaged Youth in Colombia: Evidence from a Randomized Trial,"Attanasio, Orazio","Kugler, Adriana","Meghir, Costas",,,,,11,7,12,,,,10.1257/app.3.3.188,,,16,"2,29",,,,,,,,,0,0,0,1,2,5,3,5,,,,,,,,,,,,,,,,,,,,,,,,,,,,,,,,,,,,,,,,,,,,,,,,,,,,,,,,,,,,,,,,,,,,,,,,,,,,,,,,,,,,,,,,,,,,,,,,,,,,,,,,
Flavio,1,The Wrong Side(s) of the Tracks: The Causal Effects of Racial Segregation on Urban Poverty and Inequality,"Ananat, Elizabeth Oltmans",,,,,,,7,,,,,,10.1257/app.3.2.34,,,17,"2,43",,,,,,,,,0,0,0,0,4,4,4,5,,,,,,,,,,,,,,,,,,,,,,,,,,,,,,,,,,,,,,,,,,,,,,,,,,,,,,,,,,,,,,,,,,,,,,,,,,,,,,,,,,,,,,,,,,,,,,,,,,,,,,,,
Odie,3,Minimum Wages and Firm Profitability,"Draca, Mirko","Machin, Stephen","Van Reenen, John",,,,,4,11,18,,,,10.1257/app.3.1.129,,,17,"2,43",,,,,,,,,0,0,3,1,2,0,7,4,,,,,,,,,,,,,,,,,,,,,,,,,,,,,,,,,,,,,,,,,,,,,,,,,,,,,,,,,,,,,,,,,,,,,,,,,,,,,,,,,,,,,,,,,,,,,,,,,,,,,,,,
Flavio,2,Informal Taxation,"Olken, Benjamin A.","Singhal, Monica",,,,,,14,4,,,,,10.1257/app.3.4.1,,,11,"1,57",,,,,,,,,0,0,0,1,2,3,3,2,,,,,,,,,,,,,,,,,,,,,,,,,,,,,,,,,,,,,,,,,,,,,,,,,,,,,,,,,,,,,,,,,,,,,,,,,,,,,,,,,,,,,,,,,,,,,,,,,,,,,,,,
Odie,2,"Subsidized Farm Input Programs and Agricultural Performance: A Farm-Level Analysis of West Bengal's Green Revolution, 1982-1995","Bardhan, Pranab","Mookherjee, Dilip",,,,,,8,8,,,,,10.1257/app.3.4.186,,,9,"1,29",,,,,,,,,0,0,0,1,0,7,1,0,,,,,,,,,,,,,,,,,,,,,,,,,,,,,,,,,,,,,,,,,,,,,,,,,,,,,,,,,,,,,,,,,,,,,,,,,,,,,,,,,,,,,,,,,,,,,,,,,,,,,,,,
Odie,1,Financial Constraints and Inflated Home Prices during the Real Estate Boom,"Ben-David, Itzhak",,,,,,,6,,,,,,10.1257/app.3.3.55,,,18,"2,57",,,,,,,,,0,0,0,0,0,4,5,9,,,,,,,,,,,,,,,,,,,,,,,,,,,,,,,,,,,,,,,,,,,,,,,,,,,,,,,,,,,,,,,,,,,,,,,,,,,,,,,,,,,,,,,,,,,,,,,,,,,,,,,,
Odie,2,Purchasing Power Parity Exchange Rates for the Global Poor,"Deaton, Angus","Dupriez, Olivier",,,,,,11,3,,,,,10.1257/app.3.2.137,,,18,"2,57",,,,,,,,,0,0,1,0,5,1,2,7,,,,,,,,,,,,,,,,,,,,,,,,,,,,,,,,,,,,,,,,,,,,,,,,,,,,,,,,,,,,,,,,,,,,,,,,,,,,,,,,,,,,,,,,,,,,,,,,,,,,,,,,
Odie,3,Conscription and Crime: Evidence from the Argentine Draft Lottery,"Galiani, Sebastian","Rossi, Martin A.","Schargrodsky, Ernesto",,,,,10,5,7,,,,10.1257/app.3.2.119,,,15,"2,14",,,,,,,,,0,0,0,1,0,3,4,7,,,,,,,,,,,,,,,,,,,,,,,,,,,,,,,,,,,,,,,,,,,,,,,,,,,,,,,,,,,,,,,,,,,,,,,,,,,,,,,,,,,,,,,,,,,,,,,,,,,,,,,,
Odie,1,Public Provision and Protection of Natural Resources: Groundwater Irrigation in Rural India,"Sekhri, Sheetal",,,,,,,2,,,,,,10.1257/app.3.4.29,,,9,"1,29",0,0,0,0,0,0,0,0,0,0,0,2,0,3,2,2,0,1,0,,,,,,,,,,,,,,,,,,,,,,,,,,,,,,,,,,,,,,,,,,,,,,,,,,,,,,,,,,,,,,,,,,,,,,,,,,,,,,,,,,,,,,,,,,,,,,,,,,,,,
Odie,4,"Peers, Neighborhoods, and Immigrant Student Achievement: Evidence from a Placement Policy","Aslund, Olof","Edin, Per-Anders","Fredriksson, Peter","Gronqvist, Hans",,,,7,2,6,4,,,10.1257/app.3.2.67,,,9,"1,29",,,,,,,,,0,0,0,1,2,0,3,3,,,,,,,,,,,,,,,,,,,,,,,,,,,,,,,,,,,,,,,,,,,,,,,,,,,,,,,,,,,,,,,,,,,,,,,,,,,,,,,,,,,,,,,,,,,,,,,,,,,,,,,,
Flavio,4,The Price of Political Opposition: Evidence from Venezuela's Maisanta,"Hsieh, Chang-Tai","Miguel, Edward","Ortega, Daniel","Rodriguez, Francisco",,,,7,21,2,4,,,10.1257/app.3.2.196,,,7,1,,,,,,,,,0,0,0,0,2,0,2,3,,,,,,,,,,,,,,,,,,,,,,,,,,,,,,,,,,,,,,,,,,,,,,,,,,,,,,,,,,,,,,,,,,,,,,,,,,,,,,,,,,,,,,,,,,,,,,,,,,,,,,,,
Odie,2,Aftershocks: The Impact of Clinic Violence on Abortion Services,"Jacobson, Mireille","Royer, Heather",,,,,,6,4,,,,,10.1257/app.3.1.189,,,6,"0,86",0,0,0,0,0,0,0,0,0,0,1,0,1,1,3,3,1,2,0,,,,,,,,,,,,,,,,,,,,,,,,,,,,,,,,,,,,,,,,,,,,,,,,,,,,,,,,,,,,,,,,,,,,,,,,,,,,,,,,,,,,,,,,,,,,,,,,,,,,,
Odie,2,The Consumption Response to Seasonal Income: Evidence from Japanese Public Pension Benefits,"Stephens, Melvin, Jr.","Unayama, Takashi",,,,,,7,2,,,,,10.1257/app.3.4.86,,,7,1,,,,,,,,,0,0,0,1,0,1,2,3,,,,,,,,,,,,,,,,,,,,,,,,,,,,,,,,,,,,,,,,,,,,,,,,,,,,,,,,,,,,,,,,,,,,,,,,,,,,,,,,,,,,,,,,,,,,,,,,,,,,,,,,
Odie,2,Do Social Connections Reduce Moral Hazard? Evidence from the New York City Taxi Industry,"Jackson, C. Kirabo","Schneider, Henry S.",,,,,,6,2,,,,,10.1257/app.3.3.244,,,4,"0,57",0,0,0,0,0,0,0,0,0,0,1,0,1,1,1,1,9,3,0,,,,,,,,,,,,,,,,,,,,,,,,,,,,,,,,,,,,,,,,,,,,,,,,,,,,,,,,,,,,,,,,,,,,,,,,,,,,,,,,,,,,,,,,,,,,,,,,,,,,,
Flavio,2,"Mechanisms and Impacts of Gender Peer Effects at School (vol 3, pg 1, 2011)","Lavy, Victor","Schlosser, Analia",,,,,,10,3,,,,,10.1257/app.3.3.268,,,0,0,,,,,,,,,0,0,0,0,0,0,0,0,,,,,,,,,,,,,,,,,,,,,,,,,,,,,,,,,,,,,,,,,,,,,,,,,,,,,,,,,,,,,,,,,,,,,,,,,,,,,,,,,,,,,,,,,,,,,,,,,,,,,,,,
Sylverie,3,The Short- and Long-Term Career Effects of Graduating in a Recession,"Oreopoulos, Philip  Heisz, Andrew","von Wachter, Till","Heisz, Andrew",,,,,11,8,1,,,,10.1257/app.4.1.1,,,71,"11,83",,,,,,,,,0,0,1,2,7,16,21,23,,,,,,,,,,,,,,,,,,,,,,,,,,,,,,,,,,,,,,,,,,,,,,,,,,,,,,,,,,,,,,,,,,,,,,,,,,,,,,,,,,,,,,,,,,,,,,,,,,,,,,,,
Sylverie,3,Sorting in Experiments with Application to Social Preferences,"Lazear, Edward P. ","Malmendier, Ulrike","Weber, Roberto A.",,,,,7,12,10,,,,10.1257/app.4.1.136,,,56,"9,33",,,,,,,,,0,0,0,5,17,15,6,12,,,,,,,,,,,,,,,,,,,,,,,,,,,,,,,,,,,,,,,,,,,,,,,,,,,,,,,,,,,,,,,,,,,,,,,,,,,,,,,,,,,,,,,,,,,,,,,,,,,,,,,,
Sylverie,5,"Risk Pooling, Risk Preferences, and Social Networks","Attanasio, Orazio  ","Barr, Abigail","Camilo Cardenas, Juan","Genicot, Garance","Meghir, Costas",,,12,10,8,6,13,,10.1257/app.4.2.134,,,30,5,0,0,0,0,0,0,0,0,0,0,0,0,0,0,0,0,0,0,0,0,0,0,0,0,0,0,0,0,0,0,0,0,0,0,0,0,0,0,0,0,0,0,0,0,0,0,0,0,0,0,0,0,0,0,0,0,0,0,0,0,0,0,0,0,0,0,0,0,0,0,0,0,0,0,0,0,0,0,0,0,0,0,0,0,0,0,0,0,0,0,0,0,0,0,0,0,0,0,0,0,0,0,0,0,0,0,0,0,0,0,0,0,3,2,6,13,8,6,9,0
Sylverie,3,Investing Cash Transfers to Raise Long-Term Living Standards,"Gertler, Paul J.","Martinez, Sebastian W.","Rubio-Codina, Marta",,,,,11,1,3,,,,10.1257/app.4.1.164,,,28,"4,67",,,,,,,,,0,0,0,1,4,8,7,8,,,,,,,,,,,,,,,,,,,,,,,,,,,,,,,,,,,,,,,,,,,,,,,,,,,,,,,,,,,,,,,,,,,,,,,,,,,,,,,,,,,,,,,,,,,,,,,,,,,,,,,,
Sylverie,3,Soap Operas and Fertility: Evidence from Brazil,"La Ferrara, Eliana","Chong, Alberto","Duryea, Suzanne",,,,,6,8,3,,,,10.1257/app.4.4.1,,,41,"6,83",,,,,,,,,0,0,0,0,2,5,11,21,,,,,,,,,,,,,,,,,,,,,,,,,,,,,,,,,,,,,,,,,,,,,,,,,,,,,,,,,,,,,,,,,,,,,,,,,,,,,,,,,,,,,,,,,,,,,,,,,,,,,,,,
Sylverie,3,"Cash Transfers, Behavioral Changes, and Cognitive Development in Early Childhood: Evidence from a Randomized Experiment","Macours, Karen","Schady, Norbert","Vakis, Renos",,,,,6,11,4,,,,10.1257/app.4.2.247,,,30,5,0,0,0,0,0,0,0,0,0,0,0,0,6,5,7,10,13,5,1,,,,,,,,,,,,,,,,,,,,,,,,,,,,,,,,,,,,,,,,,,,,,,,,,,,,,,,,,,,,,,,,,,,,,,,,,,,,,,,,,,,,,,,,,,,,,,,,,,,,,
Sylverie,2,Expansions in Maternity Leave Coverage and Children's Long-Term Outcomes,"Dustmann, Christian","Schoenberg, Uta",,,,,,17,8,,,,,10.1257/app.4.3.190,,,28,"4,67",,,,,,,,,0,0,0,0,6,3,7,12,,,,,,,,,,,,,,,,,,,,,,,,,,,,,,,,,,,,,,,,,,,,,,,,,,,,,,,,,,,,,,,,,,,,,,,,,,,,,,,,,,,,,,,,,,,,,,,,,,,,,,,,
Sylverie,1,An Empirical Investigation of the Option Value of College Enrollment,"Stange, Kevin M.",,,,,,,1,,,,,,10.1257/app.4.1.49,,,24,4,,,,,,,,,0,0,0,4,2,3,8,7,,,,,,,,,,,,,,,,,,,,,,,,,,,,,,,,,,,,,,,,,,,,,,,,,,,,,,,,,,,,,,,,,,,,,,,,,,,,,,,,,,,,,,,,,,,,,,,,,,,,,,,,
Sylverie,1,Reexamining the Impact of Family Planning Programs on US Fertility: Evidence from the War on Poverty and the Early Years of Title X,"Bailey, Martha J.",,,,,,,6,,,,,,10.1257/app.4.2.62,,,18,3,,,,,,,,,0,0,0,1,2,8,4,3,,,,,,,,,,,,,,,,,,,,,,,,,,,,,,,,,,,,,,,,,,,,,,,,,,,,,,,,,,,,,,,,,,,,,,,,,,,,,,,,,,,,,,,,,,,,,,,,,,,,,,,,
Sylverie,3,The Opt-In Revolution? Contraception and the Gender Gap in Wages,"Bailey, Martha J","Hershbein, Brad","Miller, Amalia R.",,,,,6,3,8,,,,10.1257/app.4.3.225,,,18,3,,,,,,,,,0,0,0,0,6,4,3,5,,,,,,,,,,,,,,,,,,,,,,,,,,,,,,,,,,,,,,,,,,,,,,,,,,,,,,,,,,,,,,,,,,,,,,,,,,,,,,,,,,,,,,,,,,,,,,,,,,,,,,,,
Sylverie,2,The Impact of Credit on Village Economies,"Kaboski, Joseph P.","Townsend, Robert M.",,,,,,9,8,,,,,10.1257/app.4.2.98,,,19,"3,17",0,0,0,0,0,0,0,0,0,0,0,1,2,4,7,8,6,7,0,,,,,,,,,,,,,,,,,,,,,,,,,,,,,,,,,,,,,,,,,,,,,,,,,,,,,,,,,,,,,,,,,,,,,,,,,,,,,,,,,,,,,,,,,,,,,,,,,,,,,
Sylverie,3,What Linear Estimators Miss: The Effects of Family Income on Child Outcomes,"Loken, Katrine V.","Mogstad, Magne","Wiswall, Matthew",,,,,4,6,7,,,,10.1257/app.4.2.1,,,20,"3,33",,,,,,,,,0,0,0,0,2,6,5,7,,,,,,,,,,,,,,,,,,,,,,,,,,,,,,,,,,,,,,,,,,,,,,,,,,,,,,,,,,,,,,,,,,,,,,,,,,,,,,,,,,,,,,,,,,,,,,,,,,,,,,,,
Sylverie,4,The Power of Political Voice: Women's Political Representation and Crime in India,"Iyer, Lakshmi","Mani, Anandi","Mishra, Prachi","Topalova, Petia",,,,5,4,8,11,,,10.1257/app.4.4.165,,,15,"2,5",,,,,,,,,0,0,0,0,0,3,8,3,,,,,,,,,,,,,,,,,,,,,,,,,,,,,,,,,,,,,,,,,,,,,,,,,,,,,,,,,,,,,,,,,,,,,,,,,,,,,,,,,,,,,,,,,,,,,,,,,,,,,,,,
Sylverie,1,"Longer-Term Impacts of Mentoring, Educational Services, and Learning Incentives: Evidence from a Randomized Trial in the United States","Rodriguez-Planas, Nuria",,,,,,,5,,,,,,10.1257/app.4.4.121,,,13,"2,17",,,,,,,,,0,0,0,0,1,3,6,3,,,,,,,,,,,,,,,,,,,,,,,,,,,,,,,,,,,,,,,,,,,,,,,,,,,,,,,,,,,,,,,,,,,,,,,,,,,,,,,,,,,,,,,,,,,,,,,,,,,,,,,,
Sylverie,2,Enforcement of Labor Regulation and Informality,"Almeida, Rita","Carneiro, Pedro",,,,,,5,9,,,,,10.1257/app.4.3.64,,,13,"2,17",,,,,,,,,0,0,0,1,2,3,4,3,,,,,,,,,,,,,,,,,,,,,,,,,,,,,,,,,,,,,,,,,,,,,,,,,,,,,,,,,,,,,,,,,,,,,,,,,,,,,,,,,,,,,,,,,,,,,,,,,,,,,,,,
Sylverie,2,"Access, Sorting, and Achievement: The Short-Run Effects of Free Primary Education in Kenya","Lucas, Adrienne M","Mbiti, Isaac M.",,,,,,4,4,,,,,10.1257/app.4.4.226,,,16,"2,67",0,0,0,0,0,0,0,0,0,0,0,0,1,2,7,7,5,5,0,,,,,,,,,,,,,,,,,,,,,,,,,,,,,,,,,,,,,,,,,,,,,,,,,,,,,,,,,,,,,,,,,,,,,,,,,,,,,,,,,,,,,,,,,,,,,,,,,,,,,
Sylverie,1,Are Female Leaders Good for Education? Evidence from India,"Clots-Figueras, Irma",,,,,,,4,,,,,,10.1257/app.4.1.212,,,12,2,0,0,0,0,0,0,0,0,0,0,0,0,1,3,4,4,7,16,2,,,,,,,,,,,,,,,,,,,,,,,,,,,,,,,,,,,,,,,,,,,,,,,,,,,,,,,,,,,,,,,,,,,,,,,,,,,,,,,,,,,,,,,,,,,,,,,,,,,,,
Sylverie,1,When the Saints Go Marching Out: Long-Term Outcomes for Student Evacuees from Hurricanes Katrina and Rita,"Sacerdote, Bruce",,,,,,,9,,,,,,10.1257/app.4.1.109,,,15,"2,5",,,,,,,,,0,0,0,0,3,2,3,6,,,,,,,,,,,,,,,,,,,,,,,,,,,,,,,,,,,,,,,,,,,,,,,,,,,,,,,,,,,,,,,,,,,,,,,,,,,,,,,,,,,,,,,,,,,,,,,,,,,,,,,,
Sylverie,1,Estimating the Deterrent Effect of Incarceration Using Sentencing Enhancements,"Abrams, David S.",,,,,,,6,,,,,,10.1257/app.4.4.32,,,10,"1,67",,,,,,,,,0,0,0,0,2,1,4,3,,,,,,,,,,,,,,,,,,,,,,,,,,,,,,,,,,,,,,,,,,,,,,,,,,,,,,,,,,,,,,,,,,,,,,,,,,,,,,,,,,,,,,,,,,,,,,,,,,,,,,,,
Sylverie,2,"Deregulation, Consolidation, and Efficiency: Evidence from US Nuclear Power","Davis, Lucas W.","Wolfram, Catherine",,,,,,10,7,,,,,10.1257/app.4.4.194,,,10,"1,67",,,,,,,,,0,0,0,0,1,2,6,1,,,,,,,,,,,,,,,,,,,,,,,,,,,,,,,,,,,,,,,,,,,,,,,,,,,,,,,,,,,,,,,,,,,,,,,,,,,,,,,,,,,,,,,,,,,,,,,,,,,,,,,,
Sylverie,1,Drug Innovations and Welfare Measures Computed from Market Demand: The Case of Anti-Cholesterol Drugs,"Dunn, Abe",,,,,,,6,,,,,,10.1257/app.4.3.167,,,9,"1,5",,,,,,,,,0,0,0,0,1,3,3,2,,,,,,,,,,,,,,,,,,,,,,,,,,,,,,,,,,,,,,,,,,,,,,,,,,,,,,,,,,,,,,,,,,,,,,,,,,,,,,,,,,,,,,,,,,,,,,,,,,,,,,,,
Sylverie,1,High Unemployment Yet Few Small Firms: The Role of Centralized Bargaining in South Africa,"Magruder, Jeremy R.",,,,,,,3,,,,,,10.1257/app.4.3.138,,,10,"1,67",,,,,,,,,0,0,0,0,1,4,3,2,,,,,,,,,,,,,,,,,,,,,,,,,,,,,,,,,,,,,,,,,,,,,,,,,,,,,,,,,,,,,,,,,,,,,,,,,,,,,,,,,,,,,,,,,,,,,,,,,,,,,,,,
Sylverie,1,Raising the Barcode Scanner: Technology and Productivity in the Retail Sector,"Basker, Emek",,,,,,,6,,,,,,10.1257/app.4.3.1,,,7,"1,17",,,,,,,,,0,0,0,0,0,0,6,1,,,,,,,,,,,,,,,,,,,,,,,,,,,,,,,,,,,,,,,,,,,,,,,,,,,,,,,,,,,,,,,,,,,,,,,,,,,,,,,,,,,,,,,,,,,,,,,,,,,,,,,,
Sylverie,2,Indirect Effects of a Policy Altering Criminal Behavior: Evidence from the Italian Prison Experiment,"Drago, Francesco","Galbiati, Roberto",,,,,,5,5,,,,,10.1257/app.4.2.199,,,6,1,0,0,0,0,0,0,0,0,0,0,0,0,0,2,4,1,3,2,0,,,,,,,,,,,,,,,,,,,,,,,,,,,,,,,,,,,,,,,,,,,,,,,,,,,,,,,,,,,,,,,,,,,,,,,,,,,,,,,,,,,,,,,,,,,,,,,,,,,,,
Sylverie,2,What Makes Firm-based Vocational Training Schemes Successful? The Role of Commitment,"Dustmann, Christian","Schoenberg, Uta",,,,,,17,8,,,,,10.1257/app.4.2.36,,,7,"1,17",,,,,,,,,0,0,0,0,0,1,5,1,,,,,,,,,,,,,,,,,,,,,,,,,,,,,,,,,,,,,,,,,,,,,,,,,,,,,,,,,,,,,,,,,,,,,,,,,,,,,,,,,,,,,,,,,,,,,,,,,,,,,,,,
Sylverie,3,Castes and Labor Mobility,"Hnatkovska, Viktoria","Lahiri, Amartya","Paul, Sourabh",,,,,5,5,2,,,,10.1257/app.4.2.274,,,8,"1,33",,,,,,,,,0,0,0,0,3,1,2,2,,,,,,,,,,,,,,,,,,,,,,,,,,,,,,,,,,,,,,,,,,,,,,,,,,,,,,,,,,,,,,,,,,,,,,,,,,,,,,,,,,,,,,,,,,,,,,,,,,,,,,,,
Sylverie,2,Productivity Spillovers Across Firms through Worker Mobility,"Stoyanov, Andrey","Zubanov, Nikolay",,,,,,3,3,,,,,10.1257/app.4.2.168,,,12,2,,,,,,,,,0,0,0,0,1,2,3,6,,,,,,,,,,,,,,,,,,,,,,,,,,,,,,,,,,,,,,,,,,,,,,,,,,,,,,,,,,,,,,,,,,,,,,,,,,,,,,,,,,,,,,,,,,,,,,,,,,,,,,,,
Sylverie,2,Do Expert Reviews Affect the Demand for Wine?,"Friberg, Richard","Gronqvist, Erik",,,,,,6,2,,,,,10.1257/app.4.1.193,,,10,"1,67",,,,,,,,,0,0,0,0,0,0,6,4,,,,,,,,,,,,,,,,,,,,,,,,,,,,,,,,,,,,,,,,,,,,,,,,,,,,,,,,,,,,,,,,,,,,,,,,,,,,,,,,,,,,,,,,,,,,,,,,,,,,,,,,
Sylverie,3,Can Mobile Phones Improve Learning? Evidence from a Field Experiment in Niger,"Aker, Jenny C","Ksoll, Christopher","Lybbert, Travis J.",,,,,4,1,7,,,,10.1257/app.4.4.94,,,10,"1,67",,,,,,,,,0,0,0,0,3,0,3,4,,,,,,,,,,,,,,,,,,,,,,,,,,,,,,,,,,,,,,,,,,,,,,,,,,,,,,,,,,,,,,,,,,,,,,,,,,,,,,,,,,,,,,,,,,,,,,,,,,,,,,,,
Sylverie,1,Limited Insurance within the Household: Evidence from a Field Experiment in Kenya,"Robinson, Jonathan",,,,,,,6,,,,,,10.1257/app.4.4.140,,,7,"1,17",,,,,,,,,0,0,0,0,0,2,3,2,,,,,,,,,,,,,,,,,,,,,,,,,,,,,,,,,,,,,,,,,,,,,,,,,,,,,,,,,,,,,,,,,,,,,,,,,,,,,,,,,,,,,,,,,,,,,,,,,,,,,,,,
Sylverie,2,When They're Sixty-Four: Peer Effects and the Timing of Retirement,"Brown, Kristine M.","Laschever, Ron A.",,,,,,2,2,,,,,10.1257/app.4.3.90,,,7,"1,17",,,,,,,,,0,0,0,0,1,3,1,2,,,,,,,,,,,,,,,,,,,,,,,,,,,,,,,,,,,,,,,,,,,,,,,,,,,,,,,,,,,,,,,,,,,,,,,,,,,,,,,,,,,,,,,,,,,,,,,,,,,,,,,,
Sylverie,1,How Large Are the Effects from Temporary Changes in Family Environment: Evidence from a Child-Evacuation Program During World War II,"Santavirta, Torsten",,,,,,,3,,,,,,10.1257/app.4.3.28,,,6,1,,,,,,,,,0,0,0,1,0,3,1,1,,,,,,,,,,,,,,,,,,,,,,,,,,,,,,,,,,,,,,,,,,,,,,,,,,,,,,,,,,,,,,,,,,,,,,,,,,,,,,,,,,,,,,,,,,,,,,,,,,,,,,,,
Sylverie,2,Partisan Grading,"Bar, Talia","Zussman, Asaf",,,,,,4,6,,,,,10.1257/app.4.1.30,,,6,1,,,,,,,,,0,0,0,0,2,2,2,0,,,,,,,,,,,,,,,,,,,,,,,,,,,,,,,,,,,,,,,,,,,,,,,,,,,,,,,,,,,,,,,,,,,,,,,,,,,,,,,,,,,,,,,,,,,,,,,,,,,,,,,,
Sylverie,2,Can Compulsory Military Service Raise Civilian Wages? Evidence from the Peacetime Draft in Portugal,"Card, David","Cardoso, Ana Rute",,,,,,16,6,,,,,10.1257/app.4.4.57,,,8,"1,33",,,,,,,,,0,0,0,1,0,1,1,5,,,,,,,,,,,,,,,,,,,,,,,,,,,,,,,,,,,,,,,,,,,,,,,,,,,,,,,,,,,,,,,,,,,,,,,,,,,,,,,,,,,,,,,,,,,,,,,,,,,,,,,,
Sylverie,3,Are Big-Time Sports a Threat to Student Achievement?,"Lindo, Jason M.","Swensen, Isaac D.","Waddell, Glen R.",,,,,5,2,7,,,,10.1257/app.4.4.254,,,5,"0,83",,,,,,,,,0,0,0,0,0,2,2,1,,,,,,,,,,,,,,,,,,,,,,,,,,,,,,,,,,,,,,,,,,,,,,,,,,,,,,,,,,,,,,,,,,,,,,,,,,,,,,,,,,,,,,,,,,,,,,,,,,,,,,,,
Sylverie,1,The Economic Benefits of Pharmaceutical Innovations: The Case of Cox-2 Inhibitors,"Garthwaite, Craig L.",,,,,,,3,,,,,,10.1257/app.4.3.116,,,5,"0,83",0,0,0,0,0,0,0,0,0,0,0,1,2,1,0,2,0,4,0,,,,,,,,,,,,,,,,,,,,,,,,,,,,,,,,,,,,,,,,,,,,,,,,,,,,,,,,,,,,,,,,,,,,,,,,,,,,,,,,,,,,,,,,,,,,,,,,,,,,,
Sylverie,1,School Desegregation and Urban Change: Evidence from City Boundaries,"Boustan, Leah Platt",,,,,,,7,,,,,,10.1257/app.4.1.85,,,5,"0,83",,,,,,,,,0,0,0,1,1,2,0,1,,,,,,,,,,,,,,,,,,,,,,,,,,,,,,,,,,,,,,,,,,,,,,,,,,,,,,,,,,,,,,,,,,,,,,,,,,,,,,,,,,,,,,,,,,,,,,,,,,,,,,,,
Sylverie,1,Enhancing Cognitive Functioning: Medium-Term Effects of a Health and Family Planning Program in Matlab,"Barham, Tania",,,,,,,4,,,,,,10.1257/app.4.1.245,,,6,1,,,,,,,,,0,0,0,0,2,1,0,3,,,,,,,,,,,,,,,,,,,,,,,,,,,,,,,,,,,,,,,,,,,,,,,,,,,,,,,,,,,,,,,,,,,,,,,,,,,,,,,,,,,,,,,,,,,,,,,,,,,,,,,,
Sylverie,1,Sweetening the Deal? Political Connections and Sugar Mills in India,"Sukhtankar, Sandip",,,,,,,3,,,,,,10.1257/app.4.3.43,,,6,1,,,,,,,,,0,0,0,0,0,0,2,4,,,,,,,,,,,,,,,,,,,,,,,,,,,,,,,,,,,,,,,,,,,,,,,,,,,,,,,,,,,,,,,,,,,,,,,,,,,,,,,,,,,,,,,,,,,,,,,,,,,,,,,,
Sylverie,3,The Effect of Shift Structure on Performance,"Brachet, Tanguy","David, Guy","Drechsler, Andrea M.",,,,,4,7,0,,,,10.1257/app.4.2.219,,,1,"0,17",,,,,,,,,0,0,0,0,0,0,0,1,,,,,,,,,,,,,,,,,,,,,,,,,,,,,,,,,,,,,,,,,,,,,,,,,,,,,,,,,,,,,,,,,,,,,,,,,,,,,,,,,,,,,,,,,,,,,,,,,,,,,,,,
Sylverie,2,"Task Specialization, Immigration, and Wages","Peri, Giovanni","Sparber, Chad",,,,,,13,5,,,,,10.1257/app.1.3.135,,,97,"10,78",,,,,,,,,0,5,10,18,15,14,19,13,,,,,,,,,,,,,,,,,,,,,,,,,,,,,,,,,,,,,,,,,,,,,,,,,,,,,,,,,,,,,,,,,,,,,,,,,,,,,,,,,,,,,,,,,,,,,,,,,,,,,,,,
Sylverie,3,Does the Media Matter? A Field Experiment Measuring the Effect of Newspapers on Voting Behavior and Political Opinions,"Gerber, Alan S.","Karlan, Dean","Bergan, Daniel",,,,,16,19,3,,,,10.1257/app.1.2.35,,,86,"9,56",0,0,0,0,0,0,0,0,1,4,14,14,12,13,18,16,15,29,1,,,,,,,,,,,,,,,,,,,,,,,,,,,,,,,,,,,,,,,,,,,,,,,,,,,,,,,,,,,,,,,,,,,,,,,,,,,,,,,,,,,,,,,,,,,,,,,,,,,,,
Sylverie,3,Incentives and Services for College Achievement: Evidence from a Randomized Trial,"Angrist, Joshua","Lang, Daniel","Oreopoulos, Philip",,,,,13,4,10,,,,10.1257/app.1.1.136,,,84,"9,33",,,,,,,,,4,9,8,6,8,18,19,12,,,,,,,,,,,,,,,,,,,,,,,,,,,,,,,,,,,,,,,,,,,,,,,,,,,,,,,,,,,,,,,,,,,,,,,,,,,,,,,,,,,,,,,,,,,,,,,,,,,,,,,,
Sylverie,2,In Pursuit of Balance: Randomization in Practice in Development Field Experiments,"Bruhn, Miriam","McKenzie, David",,,,,,6,20,,,,,10.1257/app.1.4.200,,,80,"8,89",0,0,0,0,0,0,0,0,0,3,7,9,12,17,17,20,13,19,2,,,,,,,,,,,,,,,,,,,,,,,,,,,,,,,,,,,,,,,,,,,,,,,,,,,,,,,,,,,,,,,,,,,,,,,,,,,,,,,,,,,,,,,,,,,,,,,,,,,,,
Sylverie,1,Early Childhood Intervention and Life-Cycle Skill Development: Evidence from Head Start,"Deming, David",,,,,,,6,,,,,,10.1257/app.1.3.111,,,87,"9,67",,,,,,,,,0,4,11,5,14,17,15,21,,,,,,,,,,,,,,,,,,,,,,,,,,,,,,,,,,,,,,,,,,,,,,,,,,,,,,,,,,,,,,,,,,,,,,,,,,,,,,,,,,,,,,,,,,,,,,,,,,,,,,,,
Sylverie,1,Separated at Girth: US Twin Estimates of the Effects of Birth Weight,"Royer, Heather",,,,,,,4,,,,,,10.1257/app.1.1.49,,,80,"8,89",0,0,0,0,0,0,0,0,2,3,15,2,16,11,16,16,14,16,2,,,,,,,,,,,,,,,,,,,,,,,,,,,,,,,,,,,,,,,,,,,,,,,,,,,,,,,,,,,,,,,,,,,,,,,,,,,,,,,,,,,,,,,,,,,,,,,,,,,,,
Sylverie,2,The Effect of Alcohol Consumption on Mortality: Regression Discontinuity Evidence from the Minimum Drinking Age,"Carpenter, Christopher","Dobkin, Carlos",,,,,,10,10,,,,,10.1257/app.1.1.164,,,68,"7,56",,,,,,,,,0,4,7,6,10,13,16,12,,,,,,,,,,,,,,,,,,,,,,,,,,,,,,,,,,,,,,,,,,,,,,,,,,,,,,,,,,,,,,,,,,,,,,,,,,,,,,,,,,,,,,,,,,,,,,,,,,,,,,,,
Sylverie,3,Peer Effects in the Workplace: Evidence from Random Groupings in Professional Golf Tournaments,"Guryan, Jonathan","Kroft, Kory","Notowidigdo, Matthew J.",,,,,9,5,7,,,,10.1257/app.1.4.34,,,55,"6,11",,,,,,,,,1,3,7,7,5,9,13,9,,,,,,,,,,,,,,,,,,,,,,,,,,,,,,,,,,,,,,,,,,,,,,,,,,,,,,,,,,,,,,,,,,,,,,,,,,,,,,,,,,,,,,,,,,,,,,,,,,,,,,,,
Sylverie,1,Fixing Market Failures or Fixing Elections? Agricultural Credit in India,"Cole, Shawn",,,,,,,7,,,,,,10.1257/app.1.1.219,,,56,"6,22",,,,,,,,,2,2,7,9,12,6,8,10,,,,,,,,,,,,,,,,,,,,,,,,,,,,,,,,,,,,,,,,,,,,,,,,,,,,,,,,,,,,,,,,,,,,,,,,,,,,,,,,,,,,,,,,,,,,,,,,,,,,,,,,
Sylverie,2,Consumption Responses to In-Kind Transfers: Evidence from the Introduction of the Food Stamp Program,"Hoynes, Hilary W.","Schanzenbach, Diane Whitmore",,,,,,6,8,,,,,10.1257/app.1.4.109,,,56,"6,22",,,,,,,,,0,2,9,9,9,8,10,9,,,,,,,,,,,,,,,,,,,,,,,,,,,,,,,,,,,,,,,,,,,,,,,,,,,,,,,,,,,,,,,,,,,,,,,,,,,,,,,,,,,,,,,,,,,,,,,,,,,,,,,,
Sylverie,3,Labor Supply Responses to Large Social Transfers: Longitudinal Evidence from South Africa,"Ardington, Cally","Case, Anne","Hosegood, Victoria",,,,,6,14,12,,,,10.1257/app.1.1.22,,,56,"6,22",,,,,,,,,1,0,5,7,7,15,10,11,,,,,,,,,,,,,,,,,,,,,,,,,,,,,,,,,,,,,,,,,,,,,,,,,,,,,,,,,,,,,,,,,,,,,,,,,,,,,,,,,,,,,,,,,,,,,,,,,,,,,,,,
Sylverie,3,Are Women More Credit Constrained? Experimental Evidence on Gender and Microenterprise Returns,"de Mel, Suresh","McKenzie, David","Woodruff, Christopher",,,,,7,20,11,,,,10.1257/app.1.3.1,,,46,"5,11",,,,,,,,,0,1,4,6,7,9,9,9,,,,,,,,,,,,,,,,,,,,,,,,,,,,,,,,,,,,,,,,,,,,,,,,,,,,,,,,,,,,,,,,,,,,,,,,,,,,,,,,,,,,,,,,,,,,,,,,,,,,,,,,
Sylverie,3,Many Children Left Behind? Textbooks and Test Scores in Kenya,"Glewwe, Paul","Kremer, Michael","Moulin, Sylvie",,,,,8,17,1,,,,10.1257/app.1.1.112,,,46,"5,11",,,,,,,,,2,4,3,2,6,6,10,13,,,,,,,,,,,,,,,,,,,,,,,,,,,,,,,,,,,,,,,,,,,,,,,,,,,,,,,,,,,,,,,,,,,,,,,,,,,,,,,,,,,,,,,,,,,,,,,,,,,,,,,,
Sylverie,1,Do Television and Radio Destroy Social Capital? Evidence from Indonesian Villages,"Olken, Benjamin A.",,,,,,,13,,,,,,10.1257/app.1.4.1,,,41,"4,56",,,,,,,,,0,2,4,4,4,14,4,7,,,,,,,,,,,,,,,,,,,,,,,,,,,,,,,,,,,,,,,,,,,,,,,,,,,,,,,,,,,,,,,,,,,,,,,,,,,,,,,,,,,,,,,,,,,,,,,,,,,,,,,,
Sylverie,2,What Determines Giving to Hurricane Katrina Victims? Experimental Evidence on Racial Group Loyalty,"Fong, Christina M.","Luttmer, Erzo F. P.",,,,,,5,8,,,,,10.1257/app.1.2.64,,,33,"3,67",,,,,,,,,1,2,4,7,8,4,3,4,,,,,,,,,,,,,,,,,,,,,,,,,,,,,,,,,,,,,,,,,,,,,,,,,,,,,,,,,,,,,,,,,,,,,,,,,,,,,,,,,,,,,,,,,,,,,,,,,,,,,,,,
Sylverie,2,"Biological Gender Differences, Absenteeism, and the Earnings Gap","Ichino, Andrea","Moretti, Enrico",,,,,,9,17,,,,,10.1257/app.1.1.183,,,32,"3,56",,,,,,,,,1,1,5,7,9,4,2,3,,,,,,,,,,,,,,,,,,,,,,,,,,,,,,,,,,,,,,,,,,,,,,,,,,,,,,,,,,,,,,,,,,,,,,,,,,,,,,,,,,,,,,,,,,,,,,,,,,,,,,,,
Sylverie,1,History Matters: The Long-Term Impact of Colonial Public Investments in French West Africa,"Huillery, Elise",,,,,,,2,,,,,,10.1257/app.1.2.176,,,35,"3,89",,,,,,,,,0,2,2,2,2,10,8,8,,,,,,,,,,,,,,,,,,,,,,,,,,,,,,,,,,,,,,,,,,,,,,,,,,,,,,,,,,,,,,,,,,,,,,,,,,,,,,,,,,,,,,,,,,,,,,,,,,,,,,,,
Sylverie,1,Educational Debt Burden and Career Choice: Evidence from a Financial Aid Experiment at NYU Law School,"Field, Erica",,,,,,,10,,,,,,10.1257/app.1.1.1,,,35,"3,89",,,,,,,,,0,0,7,3,4,4,10,7,,,,,,,,,,,,,,,,,,,,,,,,,,,,,,,,,,,,,,,,,,,,,,,,,,,,,,,,,,,,,,,,,,,,,,,,,,,,,,,,,,,,,,,,,,,,,,,,,,,,,,,,
Sylverie,2,Sticking with Your Vote: Cognitive Dissonance and Political Attitudes,"Mullainathan, Sendhil","Washington, Ebonya",,,,,,14,7,,,,,10.1257/app.1.1.86,,,31,"3,44",,,,,,,,,2,0,4,5,7,5,3,5,,,,,,,,,,,,,,,,,,,,,,,,,,,,,,,,,,,,,,,,,,,,,,,,,,,,,,,,,,,,,,,,,,,,,,,,,,,,,,,,,,,,,,,,,,,,,,,,,,,,,,,,
Sylverie,1,HIV/AIDS and Fertility,"Fortson, Jane G.",,,,,,,4,,,,,,10.1257/app.1.3.170,,,23,"2,56",,,,,,,,,0,4,2,3,5,1,6,2,,,,,,,,,,,,,,,,,,,,,,,,,,,,,,,,,,,,,,,,,,,,,,,,,,,,,,,,,,,,,,,,,,,,,,,,,,,,,,,,,,,,,,,,,,,,,,,,,,,,,,,,
Sylverie,2,The Effect of Grade Retention on High School Completion,"Jacob, Brian A.","Lefgren, Lars",,,,,,13,9,,,,,10.1257/app.1.3.33,,,28,"3,11",,,,,,,,,0,1,4,3,4,6,3,7,,,,,,,,,,,,,,,,,,,,,,,,,,,,,,,,,,,,,,,,,,,,,,,,,,,,,,,,,,,,,,,,,,,,,,,,,,,,,,,,,,,,,,,,,,,,,,,,,,,,,,,,
Sylverie,1,Are There Missing Girls in the United States? Evidence from Birth Data,"Abrevaya, Jason",,,,,,,6,,,,,,10.1257/app.1.2.1,,,23,"2,56",,,,,,,,,1,1,4,3,4,2,4,4,,,,,,,,,,,,,,,,,,,,,,,,,,,,,,,,,,,,,,,,,,,,,,,,,,,,,,,,,,,,,,,,,,,,,,,,,,,,,,,,,,,,,,,,,,,,,,,,,,,,,,,,
Sylverie,2,"Income Inequality and Progressive Income Taxation in China and India, 1986-2015","Piketty, Thomas","Qian, Nancy",,,,,,11,5,,,,,10.1257/app.1.2.53,,,21,"2,33",,,,,,,,,1,2,3,1,4,4,3,3,,,,,,,,,,,,,,,,,,,,,,,,,,,,,,,,,,,,,,,,,,,,,,,,,,,,,,,,,,,,,,,,,,,,,,,,,,,,,,,,,,,,,,,,,,,,,,,,,,,,,,,,
Sylverie,3,Iodine Deficiency and Schooling Attainment in Tanzania,"Field, Erica","Robles, Omar","Torero, Maximo",,,,,10,2,5,,,,10.1257/app.1.4.140,,,25,"2,78",,,,,,,,,0,0,1,3,4,4,5,8,,,,,,,,,,,,,,,,,,,,,,,,,,,,,,,,,,,,,,,,,,,,,,,,,,,,,,,,,,,,,,,,,,,,,,,,,,,,,,,,,,,,,,,,,,,,,,,,,,,,,,,,
Sylverie,1,Legal Reform and Loan Repayment: The Microeconomic Impact of Debt Recovery Tribunals in India,"Visaria, Sujata",,,,,,,3,,,,,,10.1257/app.1.3.59,,,17,"1,89",,,,,,,,,0,0,0,5,2,4,3,3,,,,,,,,,,,,,,,,,,,,,,,,,,,,,,,,,,,,,,,,,,,,,,,,,,,,,,,,,,,,,,,,,,,,,,,,,,,,,,,,,,,,,,,,,,,,,,,,,,,,,,,,
Sylverie,3,A Cautionary Tale About the Use of Administrative Data: Evidence from Age of Marriage Laws,"Blank, Rebecca M.","Charles, Kerwin Kofi","Sallee, James M.",,,,,3,10,8,,,,10.1257/app.1.2.128,,,13,"1,44",,,,,,,,,0,0,4,0,1,3,3,2,,,,,,,,,,,,,,,,,,,,,,,,,,,,,,,,,,,,,,,,,,,,,,,,,,,,,,,,,,,,,,,,,,,,,,,,,,,,,,,,,,,,,,,,,,,,,,,,,,,,,,,,
Sylverie,1,The Effects of Peer Group Heterogeneity on the Production of Human Capital at West Point,"Lyle, David S.",,,,,,,4,,,,,,10.1257/app.1.4.69,,,15,"1,67",,,,,,,,,0,0,0,0,5,2,4,3,,,,,,,,,,,,,,,,,,,,,,,,,,,,,,,,,,,,,,,,,,,,,,,,,,,,,,,,,,,,,,,,,,,,,,,,,,,,,,,,,,,,,,,,,,,,,,,,,,,,,,,,
Sylverie,2,"The Smuggling of Art, and the Art of Smuggling: Uncovering the Illicit Trade in Cultural Property and Antiques","Fisman, Raymond","Wei, Shang-Jin",,,,,,9,,,,,,10.1257/app.1.3.82,,,10,"1,11",,,,,,,,,0,0,1,5,2,1,1,0,,,,,,,,,,,,,,,,,,,,,,,,,,,,,,,,,,,,,,,,,,,,,,,,,,,,,,,,,,,,,,,,,,,,,,,,,,,,,,,,,,,,,,,,,,,,,,,,,,,,,,,,
Sylverie,2,The Social Multiplier and Labor Market Participation of Mothers,"Maurin, Eric","Moschion, Julie",,,,,,8,2,,,,,10.1257/app.1.1.251,,,11,"1,22",,,,,,,,,0,1,1,0,1,3,3,2,,,,,,,,,,,,,,,,,,,,,,,,,,,,,,,,,,,,,,,,,,,,,,,,,,,,,,,,,,,,,,,,,,,,,,,,,,,,,,,,,,,,,,,,,,,,,,,,,,,,,,,,
Sylverie,2,Do Labor Market Rigidities Have Microeconomic Effects? Evidence from Within the Firm,"Lafontaine, Francine","Sivadasan, Jagadeesh",,,,,,6,6,,,,,10.1257/app.1.2.88,,,9,1,,,,,,,,,0,2,0,1,1,3,1,1,,,,,,,,,,,,,,,,,,,,,,,,,,,,,,,,,,,,,,,,,,,,,,,,,,,,,,,,,,,,,,,,,,,,,,,,,,,,,,,,,,,,,,,,,,,,,,,,,,,,,,,,
Sylverie,2,Teaching Students and Teaching Each Other: The Importance of Peer Learning for Teachers,"Jackson, Kirabo","Bruegmann, Elias",,,,,,1,1,,,,,10.1257/app.1.4.85,,,14,"1,56",,,,,,,,,0,0,1,0,2,1,3,6,,,,,,,,,,,,,,,,,,,,,,,,,,,,,,,,,,,,,,,,,,,,,,,,,,,,,,,,,,,,,,,,,,,,,,,,,,,,,,,,,,,,,,,,,,,,,,,,,,,,,,,,
Sylverie,4,To Work or Not to Work? Child Development and Maternal Labor Supply,"Frijters, Paul","Johnston, David W.","Shah, Manisha","Shields, Michael A.",,,,11,12,9,12,,,10.1257/app.1.3.97,,,5,"0,56",,,,,,,,,0,0,0,0,3,2,0,0,,,,,,,,,,,,,,,,,,,,,,,,,,,,,,,,,,,,,,,,,,,,,,,,,,,,,,,,,,,,,,,,,,,,,,,,,,,,,,,,,,,,,,,,,,,,,,,,,,,,,,,,
Sylverie,2,How Large Are Non-Budget-Constraint Effects of Prices on Demand?,"Heffetz, Ori","Shayo, Moses",,,,,,6,5,,,,,10.1257/app.1.4.170,,,7,"0,78",,,,,,,,,0,0,0,0,1,2,2,2,,,,,,,,,,,,,,,,,,,,,,,,,,,,,,,,,,,,,,,,,,,,,,,,,,,,,,,,,,,,,,,,,,,,,,,,,,,,,,,,,,,,,,,,,,,,,,,,,,,,,,,,
Sylverie,2,A Biological Model of Unions,"Kremer, Michael","Olken, Benjamin A.",,,,,,17,13,,,,,10.1257/app.1.2.150,,,3,"0,33",,,,,,,,,0,1,0,1,1,0,0,0,,,,,,,,,,,,,,,,,,,,,,,,,,,,,,,,,,,,,,,,,,,,,,,,,,,,,,,,,,,,,,,,,,,,,,,,,,,,,,,,,,,,,,,,,,,,,,,,,,,,,,,,
,,The Role of Connections in Academic Promotions,"Zinovyeva, Natalia"," Bagues, Manuel",,,,,,6,6,,,,,10.1257/app.20120337,,,14,2.8,0,0,0,0,0,0,0,0,0,0,0,0,0,0,2,3,5,4,0,,,,,,,,,,,,,,,,,,,,,,,,,,,,,,,,,,,,,,,,,,,,,,,,,,,,,,,,,,,,,,,,,,,,,,,,,,,,,,,,,,,,,,,,,,,,,,,,,,,,,
,,Six Randomized Evaluations of Microcredit: Introduction and Further Steps,"Banerjee, Abhijit; Karlan, Dean; Zinman, Jonathan",,,,,,,,,,,,,10.1257/app.20140287,,,93,18.6,0,0,0,0,0,0,0,0,0,0,0,0,0,0,6,15,35,34,3,,,,,,,,,,,,,,,,,,,,,,,,,,,,,,,,,,,,,,,,,,,,,,,,,,,,,,,,,,,,,,,,,,,,,,,,,,,,,,,,,,,,,,,,,,,,,,,,,,,,,
,,Microcredit Impacts: Evidence from a Randomized Microcredit Program Placement Experiment by Compartamos Banco,"Angelucci, Manuela"," Karlan, Dean"," Zinman, Jonathan",,,,,,,,,,,10.1257/app.20130537,,,44,8.8,0,0,0,0,0,0,0,0,0,0,0,0,0,0,6,7,17,13,1,,,,,,,,,,,,,,,,,,,,,,,,,,,,,,,,,,,,,,,,,,,,,,,,,,,,,,,,,,,,,,,,,,,,,,,,,,,,,,,,,,,,,,,,,,,,,,,,,,,,,
,,Behind the GATE Experiment: Evidence on Effects of and Rationales for Subsidized Entrepreneurship Training,"Fairlie, Robert W."," Karlan, Dean"," Zinman, Jonathan",,,,,,,,,,,10.1257/pol.20120337,,,11,2.2,0,0,0,0,0,0,0,0,0,0,0,0,0,0,0,2,5,4,0,,,,,,,,,,,,,,,,,,,,,,,,,,,,,,,,,,,,,,,,,,,,,,,,,,,,,,,,,,,,,,,,,,,,,,,,,,,,,,,,,,,,,,,,,,,,,,,,,,,,,
,,Referrals: Peer Screening and Enforcement in a Consumer Credit Field Experiment,"Bryan, Gharad"," Karlan, Dean"," Zinman, Jonathan",,,,,,,,,,,10.1257/mic.20130234,,,4,0.8,0,0,0,0,0,0,0,0,0,0,0,0,0,0,0,1,1,2,0,,,,,,,,,,,,,,,,,,,,,,,,,,,,,,,,,,,,,,,,,,,,,,,,,,,,,,,,,,,,,,,,,,,,,,,,,,,,,,,,,,,,,,,,,,,,,,,,,,,,,
,,Wintertime for Deceptive Advertising?,"Zinman, Jonathan"," Zitzewitz, Eric",,,,,,,,,,,,10.1257/app.20130346,,,3,0.75,0,0,0,0,0,0,0,0,0,0,0,0,0,0,0,1,1,1,0,,,,,,,,,,,,,,,,,,,,,,,,,,,,,,,,,,,,,,,,,,,,,,,,,,,,,,,,,,,,,,,,,,,,,,,,,,,,,,,,,,,,,,,,,,,,,,,,,,,,,
,,Challenges to Replication and Iteration in Field Experiments: Evidence from Two Direct Mail Shots,"Bowers, Jake"," Higgins, Nathaniel"," Karlan, Dean"," Tulman, Sarah"," Zinman, Jonathan",,,,,,,,,10.1257/aer.p20171060,,,0,0,0,0,0,0,0,0,0,0,0,0,0,0,0,0,0,0,0,0,0,,,,,,,,,,,,,,,,,,,,,,,,,,,,,,,,,,,,,,,,,,,,,,,,,,,,,,,,,,,,,,,,,,,,,,,,,,,,,,,,,,,,,,,,,,,,,,,,,,,,,
,,Cross-Border Media and Nationalism: Evidence from Serbian Radio in Croatia,"DellaVigna, Stefano"," Enikolopov, Ruben"," Mironova, Vera"," Petrova, Maria"," Zhuravskaya, Ekaterina",,,,,,,,,10.1257/app.6.3.103,,,20,3.33,0,0,0,0,0,0,0,0,0,0,0,0,0,0,2,5,5,8,0,,,,,,,,,,,,,,,,,,,,,,,,,,,,,,,,,,,,,,,,,,,,,,,,,,,,,,,,,,,,,,,,,,,,,,,,,,,,,,,,,,,,,,,,,,,,,,,,,,,,,
,,Persistent Antimarket Culture: A Legacy of the Pale of Settlement after the Holocaust,"Grosfeld, Irena"," Rodnyansky, Alexander"," Zhuravskaya, Ekaterina",,,,,,,,,,,10.1257/pol.5.3.189,,,27,3.86,0,0,0,0,0,0,0,0,0,0,0,0,0,3,7,7,5,5,0,,,,,,,,,,,,,,,,,,,,,,,,,,,,,,,,,,,,,,,,,,,,,,,,,,,,,,,,,,,,,,,,,,,,,,,,,,,,,,,,,,,,,,,,,,,,,,,,,,,,,
,,Corruption in Procurement and the Political Cycle in Tunneling: Evidence from Financial Transactions Data,"Mironov, Maxim"," Zhuravskaya, Ekaterina",,,,,,,,,,,,10.1257/pol.20140188,,,12,3,0,0,0,0,0,0,0,0,0,0,0,0,0,0,0,2,5,6,0,,,,,,,,,,,,,,,,,,,,,,,,,,,,,,,,,,,,,,,,,,,,,,,,,,,,,,,,,,,,,,,,,,,,,,,,,,,,,,,,,,,,,,,,,,,,,,,,,,,,,
,,Child-Adoption Matching: Preferences for Gender and Race,"Baccara, Mariagiovanna"," Collard-Wexler, Allan"," Felli, Leonardo"," Yariv, Leeat",,,,,,,,,,10.1257/app.6.3.133,,,4,0.67,0,0,0,0,0,0,0,0,0,0,0,0,0,0,0,3,0,1,0,,,,,,,,,,,,,,,,,,,,,,,,,,,,,,,,,,,,,,,,,,,,,,,,,,,,,,,,,,,,,,,,,,,,,,,,,,,,,,,,,,,,,,,,,,,,,,,,,,,,,
,,Should Aid Reward Performance? Evidence from a Field Experiment on Health and Education in Indonesia,"Olken, Benjamin A."," Onishi, Junko"," Wong, Susan",,,,,,,,,,,10.1257/app.6.4.1,,,16,2.67,0,0,0,0,0,0,0,0,0,0,0,0,0,0,2,3,4,7,0,,,,,,,,,,,,,,,,,,,,,,,,,,,,,,,,,,,,,,,,,,,,,,,,,,,,,,,,,,,,,,,,,,,,,,,,,,,,,,,,,,,,,,,,,,,,,,,,,,,,,
,,The Consequences of Teenage Childbearing before Roe v. Wade,"Lang, Kevin"," Weinstein, Russell",,,,,,,,,,,,10.1257/app.20130482,,,2,0.4,0,0,0,0,0,0,0,0,0,0,0,0,0,0,0,0,1,1,0,,,,,,,,,,,,,,,,,,,,,,,,,,,,,,,,,,,,,,,,,,,,,,,,,,,,,,,,,,,,,,,,,,,,,,,,,,,,,,,,,,,,,,,,,,,,,,,,,,,,,
,,Dynamic Implications of Subjective Expectations: Evidence from Adult Smokers,"Wang, Yang",,,,,,,,,,,,,10.1257/app.6.1.1,,,12,2,0,0,0,0,0,0,0,0,0,0,0,0,0,0,4,0,3,5,0,,,,,,,,,,,,,,,,,,,,,,,,,,,,,,,,,,,,,,,,,,,,,,,,,,,,,,,,,,,,,,,,,,,,,,,,,,,,,,,,,,,,,,,,,,,,,,,,,,,,,
,,Inputs in the Production of Early Childhood Human Capital: Evidence from Head Start,"Walters, Christopher R.",,,,,,,,,,,,,10.1257/app.20140184,,,16,3.2,0,0,0,0,0,0,0,0,0,0,0,0,0,0,0,1,3,12,0,,,,,,,,,,,,,,,,,,,,,,,,,,,,,,,,,,,,,,,,,,,,,,,,,,,,,,,,,,,,,,,,,,,,,,,,,,,,,,,,,,,,,,,,,,,,,,,,,,,,,
,,Saving Lives at Birth: The Impact of Home Births on Infant Outcomes,"Daysal, N. Meltem"," Trandafir, Mircea"," van Ewijk, Reyn",,,,,,,,,,,10.1257/app.20120359,,,12,2.4,0,0,0,0,0,0,0,0,0,0,0,0,0,0,0,3,3,6,0,,,,,,,,,,,,,,,,,,,,,,,,,,,,,,,,,,,,,,,,,,,,,,,,,,,,,,,,,,,,,,,,,,,,,,,,,,,,,,,,,,,,,,,,,,,,,,,,,,,,,
,,When the Floodgates Open: Northern Firms' Response to Removal of Trade Quotas on Chinese Goods,"Utar, Hale",,,,,,,,,,,,,10.1257/app.6.4.226,,,6,1,0,0,0,0,0,0,0,0,0,0,0,0,0,0,0,2,1,3,0,,,,,,,,,,,,,,,,,,,,,,,,,,,,,,,,,,,,,,,,,,,,,,,,,,,,,,,,,,,,,,,,,,,,,,,,,,,,,,,,,,,,,,,,,,,,,,,,,,,,,
,,The Great Equalizer: Health Care Access and Infant Mortality in Thailand,"Gruber, Jonathan"," Hendren, Nathaniel"," Townsend, Robert M.",,,,,,,,,,,10.1257/app.6.1.91,,,25,4.17,0,0,0,0,0,0,0,0,0,0,0,0,0,3,5,5,6,5,1,,,,,,,,,,,,,,,,,,,,,,,,,,,,,,,,,,,,,,,,,,,,,,,,,,,,,,,,,,,,,,,,,,,,,,,,,,,,,,,,,,,,,,,,,,,,,,,,,,,,,
,,Distortions in the International Migrant Labor Market: Evidence from Filipino Migration and Wage Responses to Destination Country Economic Shocks,"McKenzie, David"," Theoharides, Caroline"," Yang, Dean",,,,,,,,,,,10.1257/app.6.2.49,,,28,4.67,0,0,0,0,0,0,0,0,0,0,0,0,0,1,5,6,6,10,0,,,,,,,,,,,,,,,,,,,,,,,,,,,,,,,,,,,,,,,,,,,,,,,,,,,,,,,,,,,,,,,,,,,,,,,,,,,,,,,,,,,,,,,,,,,,,,,,,,,,,
,,The Distributive Impacts of Financial Development: Evidence from Mortgage Markets during US Bank Branch Deregulation,"Tewari, Ishani",,,,,,,,,,,,,10.1257/app.6.4.175,,,1,0.17,0,0,0,0,0,0,0,0,0,0,0,0,0,0,0,0,0,1,0,,,,,,,,,,,,,,,,,,,,,,,,,,,,,,,,,,,,,,,,,,,,,,,,,,,,,,,,,,,,,,,,,,,,,,,,,,,,,,,,,,,,,,,,,,,,,,,,,,,,,
,,The Impacts of Microcredit: Evidence from Ethiopia,"Tarozzi, Alessandro"," Desai, Jaikishan"," Johnson, Kristin",,,,,,,,,,,10.1257/app.20130475,,,33,6.6,0,0,0,0,0,0,0,0,0,0,0,0,0,0,5,5,13,9,1,,,,,,,,,,,,,,,,,,,,,,,,,,,,,,,,,,,,,,,,,,,,,,,,,,,,,,,,,,,,,,,,,,,,,,,,,,,,,,,,,,,,,,,,,,,,,,,,,,,,,
,,"Incentives, Commitments, and Habit Formation in Exercise: Evidence from a Field Experiment with Workers at a Fortune-500 Company","Royer, Heather"," Stehr, Mark"," Sydnor, Justin",,,,,,,,,,,10.1257/app.20130327,,,35,7,0,0,0,0,0,0,0,0,0,0,0,0,0,0,0,4,13,17,1,,,,,,,,,,,,,,,,,,,,,,,,,,,,,,,,,,,,,,,,,,,,,,,,,,,,,,,,,,,,,,,,,,,,,,,,,,,,,,,,,,,,,,,,,,,,,,,,,,,,,
,,Implementing Anti-Discrimination Policies in Statistical Profiling Models,"Pope, Devin G."," Sydnor, Justin R.",,,,,,,,,,,,10.1257/pol.3.3.206,,,8,0.89,0,0,0,0,0,0,0,0,0,0,1,0,0,2,0,2,1,2,0,,,,,,,,,,,,,,,,,,,,,,,,,,,,,,,,,,,,,,,,,,,,,,,,,,,,,,,,,,,,,,,,,,,,,,,,,,,,,,,,,,,,,,,,,,,,,,,,,,,,,
,,Improving Educational Quality through Enhancing Community Participation: Results from a Randomized Field Experiment in Indonesia,"Pradhan, Menno"," Suryadarma, Daniel"," Beatty, Amanda"," Wong, Maisy"," Gaduh, Arya"," Alisjahbana, Armida"," Artha, Rima Prama",,,,,,,10.1257/app.6.2.105,,,17,2.83,0,0,0,0,0,0,0,0,0,0,0,0,0,0,0,5,7,5,0,,,,,,,,,,,,,,,,,,,,,,,,,,,,,,,,,,,,,,,,,,,,,,,,,,,,,,,,,,,,,,,,,,,,,,,,,,,,,,,,,,,,,,,,,,,,,,,,,,,,,
,,"The Judge, the Politician, and the Press: Newspaper Coverage and Criminal Sentencing across Electoral Systems","Lim, Claire S. H."," Snyder, James M., Jr."," Stromberg, David",,,,,,,,,,,10.1257/app.20140111,,,13,2.6,0,0,0,0,0,0,0,0,0,0,0,0,0,0,0,2,5,6,0,,,,,,,,,,,,,,,,,,,,,,,,,,,,,,,,,,,,,,,,,,,,,,,,,,,,,,,,,,,,,,,,,,,,,,,,,,,,,,,,,,,,,,,,,,,,,,,,,,,,,
,,Meet the Press: How Voters and Politicians Respond to Newspaper Entry and Exit,"Drago, Francesco"," Nannicini, Tommaso"," Sobbrio, Francesco",,,,,,,,,,,10.1257/app.6.3.159,,,16,2.67,0,0,0,0,0,0,0,0,0,0,0,0,0,0,2,4,4,5,1,,,,,,,,,,,,,,,,,,,,,,,,,,,,,,,,,,,,,,,,,,,,,,,,,,,,,,,,,,,,,,,,,,,,,,,,,,,,,,,,,,,,,,,,,,,,,,,,,,,,,
,,"Price, Quality, and Variety: Measuring the Gains from Trade in Differentiated Products","Sheu, Gloria",,,,,,,,,,,,,10.1257/app.6.4.66,,,6,1,0,0,0,0,0,0,0,0,0,0,0,0,0,0,0,3,0,3,0,,,,,,,,,,,,,,,,,,,,,,,,,,,,,,,,,,,,,,,,,,,,,,,,,,,,,,,,,,,,,,,,,,,,,,,,,,,,,,,,,,,,,,,,,,,,,,,,,,,,,
,,"Wells, Water, and Welfare: The Impact of Access to Groundwater on Rural Poverty and Conflict","Sekhri, Sheetal",,,,,,,,,,,,,10.1257/app.6.3.76,,,11,1.83,0,0,0,0,0,0,0,0,0,0,0,0,0,0,2,1,4,3,1,,,,,,,,,,,,,,,,,,,,,,,,,,,,,,,,,,,,,,,,,,,,,,,,,,,,,,,,,,,,,,,,,,,,,,,,,,,,,,,,,,,,,,,,,,,,,,,,,,,,,
,,Persistence of Population Shocks: Evidence from the Occupation of West Germany after World War II,"Schumann, Abel",,,,,,,,,,,,,10.1257/app.6.3.189,,,4,0.67,0,0,0,0,0,0,0,0,0,0,0,0,0,0,0,1,2,1,0,,,,,,,,,,,,,,,,,,,,,,,,,,,,,,,,,,,,,,,,,,,,,,,,,,,,,,,,,,,,,,,,,,,,,,,,,,,,,,,,,,,,,,,,,,,,,,,,,,,,,
,,Keeping It Simple: Financial Literacy and Rules of Thumb,"Drexler, Alejandro"," Fischer, Greg"," Schoar, Antoinette",,,,,,,,,,,10.1257/app.6.2.1,,,68,11.33,0,0,0,0,0,0,0,0,0,0,0,0,0,1,9,14,16,27,1,,,,,,,,,,,,,,,,,,,,,,,,,,,,,,,,,,,,,,,,,,,,,,,,,,,,,,,,,,,,,,,,,,,,,,,,,,,,,,,,,,,,,,,,,,,,,,,,,,,,,
,,Checklists and Worker Behavior: A Field Experiment,"Jackson, C. Kirabo"," Schneider, Henry S.",,,,,,,,,,,,10.1257/app.20140044,,,3,0.6,0,0,0,0,0,0,0,0,0,0,0,0,0,0,0,0,1,1,1,,,,,,,,,,,,,,,,,,,,,,,,,,,,,,,,,,,,,,,,,,,,,,,,,,,,,,,,,,,,,,,,,,,,,,,,,,,,,,,,,,,,,,,,,,,,,,,,,,,,,
,,Do Opposites Detract? Intrahousehold Preference Heterogeneity and Inefficient Strategic Savings,"Schaner, Simone",,,,,,,,,,,,,10.1257/app.20130271,,,20,4,0,0,0,0,0,0,0,0,0,0,0,0,0,0,3,3,7,7,0,,,,,,,,,,,,,,,,,,,,,,,,,,,,,,,,,,,,,,,,,,,,,,,,,,,,,,,,,,,,,,,,,,,,,,,,,,,,,,,,,,,,,,,,,,,,,,,,,,,,,
,,Poverty Alleviation and Child Labor,"Edmonds, Eric V."," Schady, Norbert",,,,,,,,,,,,10.1257/pol.4.4.100,,,29,3.63,0,0,0,0,0,0,0,0,0,0,0,0,3,2,4,4,10,6,0,,,,,,,,,,,,,,,,,,,,,,,,,,,,,,,,,,,,,,,,,,,,,,,,,,,,,,,,,,,,,,,,,,,,,,,,,,,,,,,,,,,,,,,,,,,,,,,,,,,,,
,,Social Networks and the Decision to Insure,"Cai, Jing"," De Janvry, Alain"," Sadoulet, Elisabeth",,,,,,,,,,,10.1257/app.20130442,,,29,5.8,0,0,0,0,0,0,0,0,0,0,0,0,0,0,2,4,9,13,1,,,,,,,,,,,,,,,,,,,,,,,,,,,,,,,,,,,,,,,,,,,,,,,,,,,,,,,,,,,,,,,,,,,,,,,,,,,,,,,,,,,,,,,,,,,,,,,,,,,,,
,,Parental Education and Offspring Outcomes: Evidence from the Swedish Compulsory School Reform,"Lundborg, Petter"," Nilsson, Anton"," Rooth, Dan-Olof",,,,,,,,,,,10.1257/app.6.1.253,,,26,4.33,0,0,0,0,0,0,0,0,0,0,0,0,0,1,7,4,4,9,1,,,,,,,,,,,,,,,,,,,,,,,,,,,,,,,,,,,,,,,,,,,,,,,,,,,,,,,,,,,,,,,,,,,,,,,,,,,,,,,,,,,,,,,,,,,,,,,,,,,,,
,,Racial Discrimination in Grading: Evidence from Brazil,"Botelho, Fernando"," Madeira, Ricardo A."," Rangel, Marcos A.",,,,,,,,,,,10.1257/app.20140352,,,2,0.4,0,0,0,0,0,0,0,0,0,0,0,0,0,0,0,0,1,1,0,,,,,,,,,,,,,,,,,,,,,,,,,,,,,,,,,,,,,,,,,,,,,,,,,,,,,,,,,,,,,,,,,,,,,,,,,,,,,,,,,,,,,,,,,,,,,,,,,,,,,
,,Improving Educational Quality through Enhancing Community Participation: Results from a Randomized Field Experiment in Indonesia,"Pradhan, Menno"," Suryadarma, Daniel"," Beatty, Amanda"," Wong, Maisy"," Gaduh, Arya"," Alisjahbana, Armida"," Artha, Rima Prama",,,,,,,10.1257/app.6.2.105,,,17,2.83,0,0,0,0,0,0,0,0,0,0,0,0,0,0,0,5,7,5,0,,,,,,,,,,,,,,,,,,,,,,,,,,,,,,,,,,,,,,,,,,,,,,,,,,,,,,,,,,,,,,,,,,,,,,,,,,,,,,,,,,,,,,,,,,,,,,,,,,,,,
,,Legal Status and the Criminal Activity of Immigrants,"Mastrobuoni, Giovanni"," Pinotti, Paolo",,,,,,,,,,,,10.1257/app.20140039,,,12,2.4,0,0,0,0,0,0,0,0,0,0,0,0,0,0,0,2,3,7,0,,,,,,,,,,,,,,,,,,,,,,,,,,,,,,,,,,,,,,,,,,,,,,,,,,,,,,,,,,,,,,,,,,,,,,,,,,,,,,,,,,,,,,,,,,,,,,,,,,,,,
,,Happiness on Tap: Piped Water Adoption in Urban Morocco,"Devoto, Florencia"," Duflo, Esther"," Dupas, Pascaline"," Pariente, William"," Pons, Vincent",,,,,,,,,10.1257/pol.4.4.68,,,57,7.13,0,0,0,0,0,0,0,0,0,0,0,0,1,7,8,9,15,15,2,,,,,,,,,,,,,,,,,,,,,,,,,,,,,,,,,,,,,,,,,,,,,,,,,,,,,,,,,,,,,,,,,,,,,,,,,,,,,,,,,,,,,,,,,,,,,,,,,,,,,
,,Estimating the Impact of Microcredit on Those Who Take It Up: Evidence from a Randomized Experiment in Morocco,"Crepon, Bruno"," Devoto, Florencia"," Duflo, Esther"," Pariente, William",,,,,,,,,,10.1257/app.20130535,,,47,9.4,0,0,0,0,0,0,0,0,0,0,0,0,0,0,9,8,14,15,1,,,,,,,,,,,,,,,,,,,,,,,,,,,,,,,,,,,,,,,,,,,,,,,,,,,,,,,,,,,,,,,,,,,,,,,,,,,,,,,,,,,,,,,,,,,,,,,,,,,,,
,,How Do Teachers Improve? The Relative Importance of Specific and General Human Capital,"Ost, Ben",,,,,,,,,,,,,10.1257/app.6.2.127,,,22,3.67,0,0,0,0,0,0,0,0,0,0,0,0,0,0,6,5,5,6,0,,,,,,,,,,,,,,,,,,,,,,,,,,,,,,,,,,,,,,,,,,,,,,,,,,,,,,,,,,,,,,,,,,,,,,,,,,,,,,,,,,,,,,,,,,,,,,,,,,,,,
,,"Should Cash Transfers Be Conditional? Conditionality, Preventive Care, and Health Outcomes","Attanasio, Orazio P."," Oppedisano, Veruska"," Vera-Hernandez, Marcos",,,,,,,,,,,10.1257/app.20130126,,,7,1.4,0,0,0,0,0,0,0,0,0,0,0,0,0,0,0,3,3,1,0,,,,,,,,,,,,,,,,,,,,,,,,,,,,,,,,,,,,,,,,,,,,,,,,,,,,,,,,,,,,,,,,,,,,,,,,,,,,,,,,,,,,,,,,,,,,,,,,,,,,,
,,Should Aid Reward Performance? Evidence from a Field Experiment on Health and Education in Indonesia,"Olken, Benjamin A."," Onishi, Junko"," Wong, Susan",,,,,,,,,,,10.1257/app.6.4.1,,,16,2.67,0,0,0,0,0,0,0,0,0,0,0,0,0,0,2,3,4,7,0,,,,,,,,,,,,,,,,,,,,,,,,,,,,,,,,,,,,,,,,,,,,,,,,,,,,,,,,,,,,,,,,,,,,,,,,,,,,,,,,,,,,,,,,,,,,,,,,,,,,,
,,Temperature Shocks and Economic Growth: Evidence from the Last Half Century,"Dell, Melissa"," Jones, Benjamin F."," Olken, Benjamin A.",,,,,,,,,,,10.1257/mac.4.3.66,,,209,26.13,0,0,0,0,0,0,0,0,0,0,0,0,7,31,30,34,48,56,3,,,,,,,,,,,,,,,,,,,,,,,,,,,,,,,,,,,,,,,,,,,,,,,,,,,,,,,,,,,,,,,,,,,,,,,,,,,,,,,,,,,,,,,,,,,,,,,,,,,,,
,,Social Capital and Political Accountability,"Nannicini, Tommaso"," Stella, Andrea"," Tabellini, Guido"," Troiano, Ugo",,,,,,,,,,10.1257/pol.5.2.222,,,49,7,0,0,0,0,0,0,0,0,0,0,0,0,1,8,5,9,14,11,1,,,,,,,,,,,,,,,,,,,,,,,,,,,,,,,,,,,,,,,,,,,,,,,,,,,,,,,,,,,,,,,,,,,,,,,,,,,,,,,,,,,,,,,,,,,,,,,,,,,,,
,,Electoral Rules and Politicians' Behavior: A Micro Test,"Gagliarducci, Stefano"," Nannicini, Tommaso"," Naticchioni, Paolo",,,,,,,,,,,10.1257/pol.3.3.144,,,39,4.33,0,0,0,0,0,0,0,0,0,0,1,3,8,5,4,9,4,5,0,,,,,,,,,,,,,,,,,,,,,,,,,,,,,,,,,,,,,,,,,,,,,,,,,,,,,,,,,,,,,,,,,,,,,,,,,,,,,,,,,,,,,,,,,,,,,,,,,,,,,
,,Do Fiscal Rules Matter?,"Grembi, Veronica"," Nannicini, Tommaso"," Troiano, Ugo",,,,,,,,,,,10.1257/app.20150076,,,27,6.75,0,0,0,0,0,0,0,0,0,0,0,0,0,0,0,0,10,17,0,,,,,,,,,,,,,,,,,,,,,,,,,,,,,,,,,,,,,,,,,,,,,,,,,,,,,,,,,,,,,,,,,,,,,,,,,,,,,,,,,,,,,,,,,,,,,,,,,,,,,
,,Effects of School Quality on Student Achievement: Discontinuity Evidence from Kenya,"Lucas, Adrienne M."," Mbiti, Isaac M.",,,,,,,,,,,,10.1257/app.6.3.234,,,18,3,0,0,0,0,0,0,0,0,0,0,0,0,0,1,3,3,4,7,0,,,,,,,,,,,,,,,,,,,,,,,,,,,,,,,,,,,,,,,,,,,,,,,,,,,,,,,,,,,,,,,,,,,,,,,,,,,,,,,,,,,,,,,,,,,,,,,,,,,,,
,,"Heterogeneity in Intra-Monthly Consumption Patterns, Self-Control, and Savings at Retirement","Mastrobuoni, Giovanni"," Weinberg, Matthew",,,,,,,,,,,,10.1257/pol.1.2.163,,,32,2.91,0,0,0,0,0,0,0,0,0,1,3,2,2,3,3,6,8,3,1,,,,,,,,,,,,,,,,,,,,,,,,,,,,,,,,,,,,,,,,,,,,,,,,,,,,,,,,,,,,,,,,,,,,,,,,,,,,,,,,,,,,,,,,,,,,,,,,,,,,,
,,The Incapacitation Effect of Incarceration: Evidence from Several Italian Collective Pardons,"Barbarino, Alessandro"," Mastrobuoni, Giovanni",,,,,,,,,,,,10.1257/pol.6.1.1,,,20,3.33,0,0,0,0,0,0,0,0,0,0,0,0,0,2,2,6,5,5,0,,,,,,,,,,,,,,,,,,,,,,,,,,,,,,,,,,,,,,,,,,,,,,,,,,,,,,,,,,,,,,,,,,,,,,,,,,,,,,,,,,,,,,,,,,,,,,,,,,,,,
,,"Citizenship, Fertility, and Parental Investments","Avitabile, Ciro"," Clots-Figueras, Irma"," Masella, Paolo",,,,,,,,,,,10.1257/app.6.4.35,,,5,0.83,0,0,0,0,0,0,0,0,0,0,0,0,0,0,0,1,2,2,0,,,,,,,,,,,,,,,,,,,,,,,,,,,,,,,,,,,,,,,,,,,,,,,,,,,,,,,,,,,,,,,,,,,,,,,,,,,,,,,,,,,,,,,,,,,,,,,,,,,,,
,,Hassle Costs and Price Discrimination: An Empirical Welfare Analysis,"Marshall, Guillermo",,,,,,,,,,,,,10.1257/app.20130046,,,2,0.4,0,0,0,0,0,0,0,0,0,0,0,0,0,0,0,0,0,2,0,,,,,,,,,,,,,,,,,,,,,,,,,,,,,,,,,,,,,,,,,,,,,,,,,,,,,,,,,,,,,,,,,,,,,,,,,,,,,,,,,,,,,,,,,,,,,,,,,,,,,
,,One Laptop per Child at Home: Short-Term Impacts from a Randomized Experiment in Peru,"Beuermann, Diether W."," Cristia, Julian"," Cueto, Santiago"," Malamud, Ofer"," Cruz-Aguayo, Yyannu",,,,,,,,,10.1257/app.20130267,,,7,1.4,0,0,0,0,0,0,0,0,0,0,0,0,0,0,0,1,3,3,0,,,,,,,,,,,,,,,,,,,,,,,,,,,,,,,,,,,,,,,,,,,,,,,,,,,,,,,,,,,,,,,,,,,,,,,,,,,,,,,,,,,,,,,,,,,,,,,,,,,,,
,,Racial Discrimination in Grading: Evidence from Brazil,"Botelho, Fernando"," Madeira, Ricardo A."," Rangel, Marcos A.",,,,,,,,,,,10.1257/app.20140352,,,2,0.4,0,0,0,0,0,0,0,0,0,0,0,0,0,0,0,0,1,1,0,,,,,,,,,,,,,,,,,,,,,,,,,,,,,,,,,,,,,,,,,,,,,,,,,,,,,,,,,,,,,,,,,,,,,,,,,,,,,,,,,,,,,,,,,,,,,,,,,,,,,
,,Professors in Core Science Fields Are Not Always Biased against Women: Evidence from France,"Breda, Thomas"," Ly, Son Thierry",,,,,,,,,,,,10.1257/app.20140022,,,4,0.8,0,0,0,0,0,0,0,0,0,0,0,0,0,0,0,2,1,1,0,,,,,,,,,,,,,,,,,,,,,,,,,,,,,,,,,,,,,,,,,,,,,,,,,,,,,,,,,,,,,,,,,,,,,,,,,,,,,,,,,,,,,,,,,,,,,,,,,,,,,
,,Trade Liberalization and Markup Dispersion: Evidence from China's WTO Accession,"Lu, Yi"," Yu, Linhui",,,,,,,,,,,,10.1257/app.20140350,,,13,2.6,0,0,0,0,0,0,0,0,0,0,0,0,0,0,0,0,7,6,0,,,,,,,,,,,,,,,,,,,,,,,,,,,,,,,,,,,,,,,,,,,,,,,,,,,,,,,,,,,,,,,,,,,,,,,,,,,,,,,,,,,,,,,,,,,,,,,,,,,,,
,,Child Gender and Parental Investments In India: Are Boys and Girls Treated Differently?,"Barcellos, Silvia Helena"," Carvalho, Leandro S."," Lleras-Muney, Adriana",,,,,,,,,,,10.1257/app.6.1.157,,,34,5.67,0,0,0,0,0,0,0,0,0,0,0,0,0,2,6,6,7,13,0,,,,,,,,,,,,,,,,,,,,,,,,,,,,,,,,,,,,,,,,,,,,,,,,,,,,,,,,,,,,,,,,,,,,,,,,,,,,,,,,,,,,,,,,,,,,,,,,,,,,,
,,Equity Aversion: Social Norms and the Desire to be Ahead,"Fershtman, Chaim"," Gneezy, Uri"," List, John A.",,,,,,,,,,,10.1257/mic.4.4.131,,,17,2.13,0,0,0,0,0,0,0,0,0,0,0,0,0,0,0,0,0,0,0,0,0,0,0,0,0,0,0,0,0,0,0,0,0,0,0,0,0,0,0,0,0,0,0,0,0,0,0,0,0,0,0,0,0,0,0,0,0,0,0,0,0,0,0,0,0,0,0,0,0,0,0,0,0,0,0,0,0,0,0,0,0,0,0,0,0,0,0,0,0,0,0,0,0,0,0,0,0,0,0,0,0,0,0,0,0,0,0,0,0,0,0,0,0,0,3,4,1,5,4,0
,,The Behavioralist Goes to School: Leveraging Behavioral Economics to Improve Educational Performance,"Levitt, Steven D."," List, John A."," Neckermann, Susanne"," Sadoff, Sally",,,,,,,,,,10.1257/pol.20130358,,,9,2.25,0,0,0,0,0,0,0,0,0,0,0,0,0,0,0,0,0,0,0,0,0,0,0,0,0,0,0,0,0,0,0,0,0,0,0,0,0,0,0,0,0,0,0,0,0,0,0,0,0,0,0,0,0,0,0,0,0,0,0,0,0,0,0,0,0,0,0,0,0,0,0,0,0,0,0,0,0,0,0,0,0,0,0,0,0,0,0,0,0,0,0,0,0,0,0,0,0,0,0,0,0,0,0,0,0,0,0,0,0,0,0,0,0,0,0,0,0,3,6,0
,,"Cracks in the Melting Pot: Immigration, School Choice, and Segregation","Cascio, Elizabeth U."," Lewis, Ethan G.",,,,,,,,,,,,10.1257/pol.4.3.91,,,10,1.25,0,0,0,0,0,0,0,0,0,0,0,0,0,1,1,2,3,3,0,,,,,,,,,,,,,,,,,,,,,,,,,,,,,,,,,,,,,,,,,,,,,,,,,,,,,,,,,,,,,,,,,,,,,,,,,,,,,,,,,,,,,,,,,,,,,,,,,,,,,
,,Do Male-Female Wage Differentials Reflect Differences in the Return to Skill? Cross-City Evidence from 1980-2000,"Beaudry, Paul"," Lewis, Ethan",,,,,,,,,,,,10.1257/app.6.2.178,,,9,1.5,0,0,0,0,0,0,0,0,0,0,0,0,0,0,2,1,3,3,0,,,,,,,,,,,,,,,,,,,,,,,,,,,,,,,,,,,,,,,,,,,,,,,,,,,,,,,,,,,,,,,,,,,,,,,,,,,,,,,,,,,,,,,,,,,,,,,,,,,,,
,,The Behavioralist Goes to School: Leveraging Behavioral Economics to Improve Educational Performance,"Levitt, Steven D."," List, John A."," Neckermann, Susanne"," Sadoff, Sally",,,,,,,,,,10.1257/pol.20130358,,,9,2.25,0,0,0,0,0,0,0,0,0,0,0,0,0,0,0,0,3,6,0,,,,,,,,,,,,,,,,,,,,,,,,,,,,,,,,,,,,,,,,,,,,,,,,,,,,,,,,,,,,,,,,,,,,,,,,,,,,,,,,,,,,,,,,,,,,,,,,,,,,,
,,The Effect of Product Demand on Inequality: Evidence from the United States and the United Kingdom,"Leonardi, Marco",,,,,,,,,,,,,10.1257/app.20130359,,,2,0.4,0,0,0,0,0,0,0,0,0,0,0,0,0,0,0,1,0,1,0,,,,,,,,,,,,,,,,,,,,,,,,,,,,,,,,,,,,,,,,,,,,,,,,,,,,,,,,,,,,,,,,,,,,,,,,,,,,,,,,,,,,,,,,,,,,,,,,,,,,,
,,Unintended Effects of Anonymous Resumes,"Behaghel, Luc"," Crepon, Bruno"," Le Barbanchon, Thomas",,,,,,,,,,,10.1257/app.20140185,,,9,1.8,0,0,0,0,0,0,0,0,0,0,0,0,0,0,0,2,2,4,1,,,,,,,,,,,,,,,,,,,,,,,,,,,,,,,,,,,,,,,,,,,,,,,,,,,,,,,,,,,,,,,,,,,,,,,,,,,,,,,,,,,,,,,,,,,,,,,,,,,,,
,,Race and College Success: Evidence from Missouri,"Arcidiacono, Peter"," Koedel, Cory",,,,,,,,,,,,10.1257/app.6.3.20,,,10,1.67,0,0,0,0,0,0,0,0,0,0,0,0,0,0,2,4,3,1,0,,,,,,,,,,,,,,,,,,,,,,,,,,,,,,,,,,,,,,,,,,,,,,,,,,,,,,,,,,,,,,,,,,,,,,,,,,,,,,,,,,,,,,,,,,,,,,,,,,,,,
,,The Miracle of Microfinance? Evidence from a Randomized Evaluation,"Banerjee, Abhijit"," Duflo, Esther"," Glennerster, Rachel"," Kinnan, Cynthia",,,,,,,,,,10.1257/app.20130533,,,112,22.4,0,0,0,0,0,0,0,0,0,0,0,0,0,0,12,21,34,41,4,,,,,,,,,,,,,,,,,,,,,,,,,,,,,,,,,,,,,,,,,,,,,,,,,,,,,,,,,,,,,,,,,,,,,,,,,,,,,,,,,,,,,,,,,,,,,,,,,,,,,
,,The Historically Evolving Impact of the Ogallala Aquifer: Agricultural Adaptation to Groundwater and Drought,"Hornbeck, Richard"," Keskin, Pinar",,,,,,,,,,,,10.1257/app.6.1.190,,,32,5.33,0,0,0,0,0,0,0,0,0,0,0,0,0,1,4,6,8,13,0,,,,,,,,,,,,,,,,,,,,,,,,,,,,,,,,,,,,,,,,,,,,,,,,,,,,,,,,,,,,,,,,,,,,,,,,,,,,,,,,,,,,,,,,,,,,,,,,,,,,,
,,Does Agriculture Generate Local Economic Spillovers? Short-Run and Long-Run Evidence from the Ogallala Aquifer,"Hornbeck, Richard"," Keskin, Pinar",,,,,,,,,,,,10.1257/pol.20130077,,,9,1.8,0,0,0,0,0,0,0,0,0,0,0,0,0,0,0,2,3,3,1,,,,,,,,,,,,,,,,,,,,,,,,,,,,,,,,,,,,,,,,,,,,,,,,,,,,,,,,,,,,,,,,,,,,,,,,,,,,,,,,,,,,,,,,,,,,,,,,,,,,,
,,Behind the GATE Experiment: Evidence on Effects of and Rationales for Subsidized Entrepreneurship Training,"Fairlie, Robert W."," Karlan, Dean"," Zinman, Jonathan",,,,,,,,,,,10.1257/pol.20120337,,,11,2.2,0,0,0,0,0,0,0,0,0,0,0,0,0,0,0,2,5,4,0,,,,,,,,,,,,,,,,,,,,,,,,,,,,,,,,,,,,,,,,,,,,,,,,,,,,,,,,,,,,,,,,,,,,,,,,,,,,,,,,,,,,,,,,,,,,,,,,,,,,,
,,Referrals: Peer Screening and Enforcement in a Consumer Credit Field Experiment,"Bryan, Gharad"," Karlan, Dean"," Zinman, Jonathan",,,,,,,,,,,10.1257/mic.20130234,,,4,0.8,0,0,0,0,0,0,0,0,0,0,0,0,0,0,0,1,1,2,0,,,,,,,,,,,,,,,,,,,,,,,,,,,,,,,,,,,,,,,,,,,,,,,,,,,,,,,,,,,,,,,,,,,,,,,,,,,,,,,,,,,,,,,,,,,,,,,,,,,,,
,,Development from Representation? A Study of Quotas for the Scheduled Castes in India,"Jensenius, Francesca Refsum",,,,,,,,,,,,,10.1257/app.20140201,,,11,2.2,0,0,0,0,0,0,0,0,0,0,0,0,0,0,0,1,3,5,2,,,,,,,,,,,,,,,,,,,,,,,,,,,,,,,,,,,,,,,,,,,,,,,,,,,,,,,,,,,,,,,,,,,,,,,,,,,,,,,,,,,,,,,,,,,,,,,,,,,,,
,,Labor Market Effects of Social Programs: Evidence from India's Employment Guarantee,"Imbert, Clement"," Papp, John",,,,,,,,,,,,10.1257/app.20130401,,,27,5.4,0,0,0,0,0,0,0,0,0,0,0,0,0,0,1,3,11,10,2,,,,,,,,,,,,,,,,,,,,,,,,,,,,,,,,,,,,,,,,,,,,,,,,,,,,,,,,,,,,,,,,,,,,,,,,,,,,,,,,,,,,,,,,,,,,,,,,,,,,,
,,The Girl Next Door: The Effect of Opposite Gender Friends on High School Achievement,"Hill, Andrew J.",,,,,,,,,,,,,10.1257/app.20140030,,,5,1,0,0,0,0,0,0,0,0,0,0,0,0,0,0,1,0,3,1,0,,,,,,,,,,,,,,,,,,,,,,,,,,,,,,,,,,,,,,,,,,,,,,,,,,,,,,,,,,,,,,,,,,,,,,,,,,,,,,,,,,,,,,,,,,,,,,,,,,,,,
,,Competitive Effects of Means-Tested School Vouchers,"Figlio, David"," Hart, Cassandra M. D.",,,,,,,,,,,,10.1257/app.6.1.133,,,18,3,0,0,0,0,0,0,0,0,0,0,0,0,0,0,5,4,4,5,0,,,,,,,,,,,,,,,,,,,,,,,,,,,,,,,,,,,,,,,,,,,,,,,,,,,,,,,,,,,,,,,,,,,,,,,,,,,,,,,,,,,,,,,,,,,,,,,,,,,,,
,,The Impacts of Microfinance: Evidence from Joint-Liability Lending in Mongolia,"Attanasio, Orazio"," Augsburg, Britta"," De Haas, Ralph"," Fitzsimons, Emla"," Harmgart, Heike",,,,,,,,,10.1257/app.20130489,,,40,8,0,0,0,0,0,0,0,0,0,0,0,0,0,0,7,6,12,14,1,,,,,,,,,,,,,,,,,,,,,,,,,,,,,,,,,,,,,,,,,,,,,,,,,,,,,,,,,,,,,,,,,,,,,,,,,,,,,,,,,,,,,,,,,,,,,,,,,,,,,
,,The Impacts of Microcredit: Evidence from Bosnia and Herzegovina,"Augsburg, Britta"," De Haas, Ralph"," Harmgart, Heike"," Meghir, Costas",,,,,,,,,,10.1257/app.20130272,,,35,7,0,0,0,0,0,0,0,0,0,0,0,0,0,0,7,4,10,13,1,,,,,,,,,,,,,,,,,,,,,,,,,,,,,,,,,,,,,,,,,,,,,,,,,,,,,,,,,,,,,,,,,,,,,,,,,,,,,,,,,,,,,,,,,,,,,,,,,,,,,
,,Default Tips,"Haggag, Kareem"," Paci, Giovanni",,,,,,,,,,,,10.1257/app.6.3.1,,,21,3.5,0,0,0,0,0,0,0,0,0,0,0,0,0,0,1,5,8,7,0,,,,,,,,,,,,,,,,,,,,,,,,,,,,,,,,,,,,,,,,,,,,,,,,,,,,,,,,,,,,,,,,,,,,,,,,,,,,,,,,,,,,,,,,,,,,,,,,,,,,,
,,Learning by Driving: Productivity Improvements by New York City Taxi Drivers,"Haggag, Kareem"," McManus, Brian"," Paci, Giovanni",,,,,,,,,,,10.1257/app.20150059,,,3,1,0,0,0,0,0,0,0,0,0,0,0,0,0,0,0,0,1,2,0,,,,,,,,,,,,,,,,,,,,,,,,,,,,,,,,,,,,,,,,,,,,,,,,,,,,,,,,,,,,,,,,,,,,,,,,,,,,,,,,,,,,,,,,,,,,,,,,,,,,,
,,Private and Public Provision of Counseling to Job Seekers: Evidence from a Large Controlled Experiment,"Behaghel, Luc"," Crepon, Bruno"," Gurgand, Marc",,,,,,,,,,,10.1257/app.6.4.142,,,6,1,0,0,0,0,0,0,0,0,0,0,0,0,0,0,0,3,1,2,0,,,,,,,,,,,,,,,,,,,,,,,,,,,,,,,,,,,,,,,,,,,,,,,,,,,,,,,,,,,,,,,,,,,,,,,,,,,,,,,,,,,,,,,,,,,,,,,,,,,,,
,,Medicare Part D and the Financial Protection of the Elderly,"Engelhardt, Gary V."," Gruber, Jonathan",,,,,,,,,,,,10.1257/pol.3.4.77,,,34,3.78,0,0,0,0,0,0,0,0,0,0,0,2,0,3,4,8,13,4,0,,,,,,,,,,,,,,,,,,,,,,,,,,,,,,,,,,,,,,,,,,,,,,,,,,,,,,,,,,,,,,,,,,,,,,,,,,,,,,,,,,,,,,,,,,,,,,,,,,,,,
,,Controlling Health Care Costs through Limited Network Insurance Plans: Evidence from Massachusetts State Employees,"Gruber, Jonathan"," McKnight, Robin",,,,,,,,,,,,10.1257/pol.20140335,,,10,2.5,0,0,0,0,0,0,0,0,0,0,0,0,0,0,0,2,5,3,0,,,,,,,,,,,,,,,,,,,,,,,,,,,,,,,,,,,,,,,,,,,,,,,,,,,,,,,,,,,,,,,,,,,,,,,,,,,,,,,,,,,,,,,,,,,,,,,,,,,,,
,,Do Strikes Kill? Evidence from New York State,"Gruber, Jonathan"," Kleiner, Samuel A.",,,,,,,,,,,,10.1257/pol.4.1.127,,,10,1.25,0,0,0,0,0,0,0,0,0,0,0,0,1,4,0,0,3,2,0,,,,,,,,,,,,,,,,,,,,,,,,,,,,,,,,,,,,,,,,,,,,,,,,,,,,,,,,,,,,,,,,,,,,,,,,,,,,,,,,,,,,,,,,,,,,,,,,,,,,,
,,Moral Hazard and Claims Deterrence in Private Disability Insurance,"Autor, David"," Duggan, Mark"," Gruber, Jonathan",,,,,,,,,,,10.1257/app.6.4.110,,,7,1.17,0,0,0,0,0,0,0,0,0,0,0,0,0,0,0,2,2,3,0,,,,,,,,,,,,,,,,,,,,,,,,,,,,,,,,,,,,,,,,,,,,,,,,,,,,,,,,,,,,,,,,,,,,,,,,,,,,,,,,,,,,,,,,,,,,,,,,,,,,,
,,Improving College Access and Success for Low-Income Students: Evidence from a Large Need-Based Grant Program,"Fack, Gabrielle"," Grenet, Julien",,,,,,,,,,,,10.1257/app.20130423,,,6,1.2,0,0,0,0,0,0,0,0,0,0,0,0,0,0,0,3,1,2,0,,,,,,,,,,,,,,,,,,,,,,,,,,,,,,,,,,,,,,,,,,,,,,,,,,,,,,,,,,,,,,,,,,,,,,,,,,,,,,,,,,,,,,,,,,,,,,,,,,,,,
,,"Merit Aid, College Quality, and College Completion: Massachusetts' Adams Scholarship as an In-Kind Subsidy","Cohodes, Sarah R."," Goodman, Joshua S.",,,,,,,,,,,,10.1257/app.6.4.251,,,43,7.17,0,0,0,0,0,0,0,0,0,0,0,0,0,0,7,21,7,8,0,,,,,,,,,,,,,,,,,,,,,,,,,,,,,,,,,,,,,,,,,,,,,,,,,,,,,,,,,,,,,,,,,,,,,,,,,,,,,,,,,,,,,,,,,,,,,,,,,,,,,
,,The Demand for Medical Male Circumcision,"Chinkhumba, Jobiba"," Godlonton, Susan"," Thornton, Rebecca",,,,,,,,,,,10.1257/app.6.2.152,,,10,1.67,0,0,0,0,0,0,0,0,0,0,0,0,0,1,1,5,0,3,0,,,,,,,,,,,,,,,,,,,,,,,,,,,,,,,,,,,,,,,,,,,,,,,,,,,,,,,,,,,,,,,,,,,,,,,,,,,,,,,,,,,,,,,,,,,,,,,,,,,,,
,,Pitfalls of Participatory Programs Evidence from a Randomized Evaluation in Education in India,"Banerjee, Abhijit V."," Banerji, Rukmini"," Duflo, Esther"," Glennerster, Rachel"," Khemani, Stuti",,,,,,,,,10.1257/pol.2.1.1,,,79,7.9,0,0,0,0,0,0,0,0,0,1,3,4,8,13,7,14,20,8,1,,,,,,,,,,,,,,,,,,,,,,,,,,,,,,,,,,,,,,,,,,,,,,,,,,,,,,,,,,,,,,,,,,,,,,,,,,,,,,,,,,,,,,,,,,,,,,,,,,,,,
,,Giving Mom a Break: The Impact of Higher EITC Payments on Maternal Health,"Evans, William N."," Garthwaite, Craig L.",,,,,,,,,,,,10.1257/pol.6.2.258,,,43,7.17,0,0,0,0,0,0,0,0,0,0,0,0,0,2,2,7,16,15,1,,,,,,,,,,,,,,,,,,,,,,,,,,,,,,,,,,,,,,,,,,,,,,,,,,,,,,,,,,,,,,,,,,,,,,,,,,,,,,,,,,,,,,,,,,,,,,,,,,,,,
,,The Doctor Might See You Now: The Supply Side Effects of Public Health Insurance Expansions,"Garthwaite, Craig L.",,,,,,,,,,,,,10.1257/pol.4.3.190,,,17,2.13,0,0,0,0,0,0,0,0,0,0,0,0,1,2,2,4,2,6,0,,,,,,,,,,,,,,,,,,,,,,,,,,,,,,,,,,,,,,,,,,,,,,,,,,,,,,,,,,,,,,,,,,,,,,,,,,,,,,,,,,,,,,,,,,,,,,,,,,,,,
,,Learning about an Infrequent Event: Evidence from Flood Insurance Take-Up in the United States,"Gallagher, Justin",,,,,,,,,,,,,10.1257/app.6.3.206,,,44,7.33,0,0,0,0,0,0,0,0,0,0,0,0,0,0,1,4,16,21,2,,,,,,,,,,,,,,,,,,,,,,,,,,,,,,,,,,,,,,,,,,,,,,,,,,,,,,,,,,,,,,,,,,,,,,,,,,,,,,,,,,,,,,,,,,,,,,,,,,,,,
,,Household Finance after a Natural Disaster: The Case of Hurricane Katrina,"Gallagher, Justin"," Hartley, Daniel",,,,,,,,,,,,10.1257/pol.20140273,,,3,1,0,0,0,0,0,0,0,0,0,0,0,0,0,0,0,0,1,2,0,,,,,,,,,,,,,,,,,,,,,,,,,,,,,,,,,,,,,,,,,,,,,,,,,,,,,,,,,,,,,,,,,,,,,,,,,,,,,,,,,,,,,,,,,,,,,,,,,,,,,
,,The Impact of Attending a School with High-Achieving Peers: Evidence from the New York City Exam Schools,"Dobbie, Will"," Fryer, Roland G., Jr.",,,,,,,,,,,,10.1257/app.6.3.58,,,21,3.5,0,0,0,0,0,0,0,0,0,0,0,0,0,0,4,6,7,3,1,,,,,,,,,,,,,,,,,,,,,,,,,,,,,,,,,,,,,,,,,,,,,,,,,,,,,,,,,,,,,,,,,,,,,,,,,,,,,,,,,,,,,,,,,,,,,,,,,,,,,
,,Feeling the Florida Heat? How Low-Performing Schools Respond to Voucher and Accountability Pressure,"Rouse, Cecilia Elena"," Hannaway, Jane"," Goldhaber, Dan"," Figlio, David",,,,,,,,,,10.1257/pol.5.2.251,,,37,5.29,0,0,0,0,0,0,0,0,0,0,0,0,1,2,7,11,10,6,0,,,,,,,,,,,,,,,,,,,,,,,,,,,,,,,,,,,,,,,,,,,,,,,,,,,,,,,,,,,,,,,,,,,,,,,,,,,,,,,,,,,,,,,,,,,,,,,,,,,,,
,,Are Tax Incentives for Charitable Giving Efficient? Evidence from France,"Fack, Gabrielle"," Landais, Camille",,,,,,,,,,,,10.1257/pol.2.2.117,,,17,1.7,0,0,0,0,0,0,0,0,0,0,1,3,1,2,1,4,3,2,0,,,,,,,,,,,,,,,,,,,,,,,,,,,,,,,,,,,,,,,,,,,,,,,,,,,,,,,,,,,,,,,,,,,,,,,,,,,,,,,,,,,,,,,,,,,,,,,,,,,,,
,,Social Media and Corruption,"Enikolopov, Ruben"," Petrova, Maria"," Sonin, Konstantin",,,,,,,,,,,10.1257/app.20160089,,,2,1,0,0,0,0,0,0,0,0,0,0,0,0,0,0,0,0,0,2,0,,,,,,,,,,,,,,,,,,,,,,,,,,,,,,,,,,,,,,,,,,,,,,,,,,,,,,,,,,,,,,,,,,,,,,,,,,,,,,,,,,,,,,,,,,,,,,,,,,,,,
,,The Rise of Fringe Competitors in the Wake of an Emerging Middle Class: An Empirical Analysis,"Eizenberg, Alon"," Salvo, Alberto",,,,,,,,,,,,10.1257/app.20130104,,,1,0.2,0,0,0,0,0,0,0,0,0,0,0,0,0,0,0,1,0,0,0,,,,,,,,,,,,,,,,,,,,,,,,,,,,,,,,,,,,,,,,,,,,,,,,,,,,,,,,,,,,,,,,,,,,,,,,,,,,,,,,,,,,,,,,,,,,,,,,,,,,,
,,Meet the Press: How Voters and Politicians Respond to Newspaper Entry and Exit,"Drago, Francesco"," Nannicini, Tommaso"," Sobbrio, Francesco",,,,,,,,,,,10.1257/app.6.3.159,,,16,2.67,0,0,0,0,0,0,0,0,0,0,0,0,0,0,2,4,4,5,1,,,,,,,,,,,,,,,,,,,,,,,,,,,,,,,,,,,,,,,,,,,,,,,,,,,,,,,,,,,,,,,,,,,,,,,,,,,,,,,,,,,,,,,,,,,,,,,,,,,,,
,,Turning a Shove into a Nudge? A Labeled Cash Transfer for Education,"Benhassine, Najy"," Devoto, Florencia"," Duflo, Esther"," Dupas, Pascaline"," Pouliquen, Victor",,,,,,,,,10.1257/pol.20130225,,,34,6.8,0,0,0,0,0,0,0,0,0,0,0,0,0,0,1,7,16,10,0,,,,,,,,,,,,,,,,,,,,,,,,,,,,,,,,,,,,,,,,,,,,,,,,,,,,,,,,,,,,,,,,,,,,,,,,,,,,,,,,,,,,,,,,,,,,,,,,,,,,,
,,Market-Based Lobbying: Evidence from Advertising Spending in Italy,"DellaVigna, Stefano"," Durante, Ruben"," Knight, Brian"," La Ferrara, Eliana",,,,,,,,,,10.1257/app.20150042,,,4,1,0,0,0,0,0,0,0,0,0,0,0,0,0,0,0,1,0,3,0,,,,,,,,,,,,,,,,,,,,,,,,,,,,,,,,,,,,,,,,,,,,,,,,,,,,,,,,,,,,,,,,,,,,,,,,,,,,,,,,,,,,,,,,,,,,,,,,,,,,,
,,The Effect of Fast Food Restaurants on Obesity and Weight Gain,"Currie, Janet"," DellaVigna, Stefano"," Moretti, Enrico"," Pathania, Vikram",,,,,,,,,,10.1257/pol.2.3.32,,,112,11.2,0,0,0,0,0,0,0,0,0,0,11,12,16,18,12,11,16,14,2,,,,,,,,,,,,,,,,,,,,,,,,,,,,,,,,,,,,,,,,,,,,,,,,,,,,,,,,,,,,,,,,,,,,,,,,,,,,,,,,,,,,,,,,,,,,,,,,,,,,,
,,Detecting Illegal Arms Trade,"DellaVigna, Stefano"," La Ferrara, Eliana",,,,,,,,,,,,10.1257/pol.2.4.26,,,31,3.1,0,0,0,0,0,0,0,0,0,0,1,5,5,3,6,2,4,5,0,,,,,,,,,,,,,,,,,,,,,,,,,,,,,,,,,,,,,,,,,,,,,,,,,,,,,,,,,,,,,,,,,,,,,,,,,,,,,,,,,,,,,,,,,,,,,,,,,,,,,
,,"Awarding Price, Contract Performance, and Bids Screening: Evidence from Procurement Auctions","Decarolis, Francesco",,,,,,,,,,,,,10.1257/app.6.1.108,,,20,3.33,0,0,0,0,0,0,0,0,0,0,0,0,0,1,2,4,6,7,0,,,,,,,,,,,,,,,,,,,,,,,,,,,,,,,,,,,,,,,,,,,,,,,,,,,,,,,,,,,,,,,,,,,,,,,,,,,,,,,,,,,,,,,,,,,,,,,,,,,,,
,,The Global Economics of Water: Is Water a Source of Comparative Advantage?,"Debaere, Peter",,,,,,,,,,,,,10.1257/app.6.2.32,,,23,3.83,0,0,0,0,0,0,0,0,0,0,0,0,0,3,5,5,5,4,1,,,,,,,,,,,,,,,,,,,,,,,,,,,,,,,,,,,,,,,,,,,,,,,,,,,,,,,,,,,,,,,,,,,,,,,,,,,,,,,,,,,,,,,,,,,,,,,,,,,,,
,,Testing Paternalism: Cash versus In-Kind Transfers,"Cunha, Jesse M.",,,,,,,,,,,,,10.1257/app.6.2.195,,,20,3.33,0,0,0,0,0,0,0,0,0,0,0,0,0,0,0,0,0,0,0,0,0,0,0,0,0,0,0,0,0,0,0,0,0,0,0,0,0,0,0,0,0,0,0,0,0,0,0,0,0,0,0,0,0,0,0,0,0,0,0,0,0,0,0,0,0,0,0,0,0,0,0,0,0,0,0,0,0,0,0,0,0,0,0,0,0,0,0,0,0,0,0,0,0,0,0,0,0,0,0,0,0,0,0,0,0,0,0,0,0,0,0,0,0,0,0,5,4,6,5,0
,,Technology and Child Development: Evidence from the One Laptop per Child Program,"Cristia, Julian"," Ibarraran, Pablo"," Cueto, Santiago"," Santiago, Ana"," Severin, Eugenio",,,,,,,,,10.1257/app.20150385,,,1,0.33,0,0,0,0,0,0,0,0,0,0,0,0,0,0,0,0,0,1,0,,,,,,,,,,,,,,,,,,,,,,,,,,,,,,,,,,,,,,,,,,,,,,,,,,,,,,,,,,,,,,,,,,,,,,,,,,,,,,,,,,,,,,,,,,,,,,,,,,,,,
,,Selection and Economic Gains in the Great Migration of African Americans: New Evidence from Linked Census Data,"Collins, William J."," Wanamaker, Marianne H.",,,,,,,,,,,,10.1257/app.6.1.220,,,22,3.67,0,0,0,0,0,0,0,0,0,0,0,0,0,1,5,1,10,5,0,,,,,,,,,,,,,,,,,,,,,,,,,,,,,,,,,,,,,,,,,,,,,,,,,,,,,,,,,,,,,,,,,,,,,,,,,,,,,,,,,,,,,,,,,,,,,,,,,,,,,
,,"Did Improvements in Household Technology Cause the Baby Boom? Evidence from Electrification, Appliance Diffusion, and the Amish","Bailey, Martha J."," Collins, William J.",,,,,,,,,,,,10.1257/mac.3.2.189,,,14,1.56,0,0,0,0,0,0,0,0,0,0,0,0,0,0,5,2,5,2,0,,,,,,,,,,,,,,,,,,,,,,,,,,,,,,,,,,,,,,,,,,,,,,,,,,,,,,,,,,,,,,,,,,,,,,,,,,,,,,,,,,,,,,,,,,,,,,,,,,,,,
,,Mergers and Sunk Costs: An Application to the Ready-Mix Concrete Industry,"Collard-Wexler, Allan",,,,,,,,,,,,,10.1257/mic.6.4.407,,,3,0.5,0,0,0,0,0,0,0,0,0,0,0,0,0,0,1,0,1,1,0,,,,,,,,,,,,,,,,,,,,,,,,,,,,,,,,,,,,,,,,,,,,,,,,,,,,,,,,,,,,,,,,,,,,,,,,,,,,,,,,,,,,,,,,,,,,,,,,,,,,,
,,Health and the Political Agency of Women,"Bhalotra, Sonia"," Clots-Figueras, Irma",,,,,,,,,,,,10.1257/pol.6.2.164,,,18,3,0,0,0,0,0,0,0,0,0,0,0,0,0,0,0,2,6,9,1,,,,,,,,,,,,,,,,,,,,,,,,,,,,,,,,,,,,,,,,,,,,,,,,,,,,,,,,,,,,,,,,,,,,,,,,,,,,,,,,,,,,,,,,,,,,,,,,,,,,,
,,Fiscal Policy Multipliers on Subnational Government Spending,"Clemens, Jeffrey"," Miran, Stephen",,,,,,,,,,,,10.1257/pol.4.2.46,,,44,5.5,0,0,0,0,0,0,0,0,0,0,0,2,2,8,7,8,11,6,0,,,,,,,,,,,,,,,,,,,,,,,,,,,,,,,,,,,,,,,,,,,,,,,,,,,,,,,,,,,,,,,,,,,,,,,,,,,,,,,,,,,,,,,,,,,,,,,,,,,,,
,,"Soil Endowments, Female Labor Force Participation, and the Demographic Deficit of Women in India","Carranza, Eliana",,,,,,,,,,,,,10.1257/app.6.4.197,,,10,1.67,0,0,0,0,0,0,0,0,0,0,0,0,0,0,2,1,3,4,0,,,,,,,,,,,,,,,,,,,,,,,,,,,,,,,,,,,,,,,,,,,,,,,,,,,,,,,,,,,,,,,,,,,,,,,,,,,,,,,,,,,,,,,,,,,,,,,,,,,,,
,,Industrial Policy and Competition,"Aghion, Philippe"," Cai, Jing"," Dewatripont, Mathias"," Du, Luosha"," Harrison, Ann"," Legros, Patrick",,,,,,,,10.1257/mac.20120103,,,24,4.8,0,0,0,0,0,0,0,0,0,0,0,0,0,0,0,0,0,0,0,0,0,0,0,0,0,0,0,0,0,0,0,0,0,0,0,0,0,0,0,0,0,0,0,0,0,0,0,0,0,0,0,0,0,0,0,0,0,0,0,0,0,0,0,0,0,0,0,0,0,0,0,0,0,0,0,0,0,0,0,0,0,0,0,0,0,0,0,0,0,0,0,0,0,0,0,0,0,0,0,0,0,0,0,0,0,0,0,0,0,0,0,0,0,0,0,0,5,6,12,1
,,The Impact of Insurance Provision on Household Production and Financial Decisions,"Cai, Jing",,,,,,,,,,,,,10.1257/pol.20130371,,,6,1.5,0,0,0,0,0,0,0,0,0,0,0,0,0,0,0,0,0,0,0,0,0,0,0,0,0,0,0,0,0,0,0,0,0,0,0,0,0,0,0,0,0,0,0,0,0,0,0,0,0,0,0,0,0,0,0,0,0,0,0,0,0,0,0,0,0,0,0,0,0,0,0,0,0,0,0,0,0,0,0,0,0,0,0,0,0,0,0,0,0,0,0,0,0,0,0,0,0,0,0,0,0,0,0,0,0,0,0,0,0,0,0,0,0,0,0,0,1,2,2,1
,,The Effect of Income on Religiousness,"Buser, Thomas",,,,,,,,,,,,,10.1257/app.20140162,,,2,0.4,0,0,0,0,0,0,0,0,0,0,0,0,0,0,0,0,1,1,0,,,,,,,,,,,,,,,,,,,,,,,,,,,,,,,,,,,,,,,,,,,,,,,,,,,,,,,,,,,,,,,,,,,,,,,,,,,,,,,,,,,,,,,,,,,,,,,,,,,,,
,,The Effect of Access to College Assessments on Enrollment and Attainment,"Bulman, George",,,,,,,,,,,,,10.1257/app.20140062,,,10,2,0,0,0,0,0,0,0,0,0,0,0,0,0,0,0,1,6,3,0,,,,,,,,,,,,,,,,,,,,,,,,,,,,,,,,,,,,,,,,,,,,,,,,,,,,,,,,,,,,,,,,,,,,,,,,,,,,,,,,,,,,,,,,,,,,,,,,,,,,,
,,Team Incentives for Education in Developing Countries: A Randomized Field Experiment in Benin,"Blimpo, Moussa P.",,,,,,,,,,,,,10.1257/app.6.4.90,,,10,1.67,0,0,0,0,0,0,0,0,0,0,0,0,0,0,3,4,1,2,0,,,,,,,,,,,,,,,,,,,,,,,,,,,,,,,,,,,,,,,,,,,,,,,,,,,,,,,,,,,,,,,,,,,,,,,,,,,,,,,,,,,,,,,,,,,,,,,,,,,,,
,,Political Parties and Labor-Market Outcomes: Evidence from US States,"Beland, Louis-Philippe",,,,,,,,,,,,,10.1257/app.20120387,,,11,2.2,0,0,0,0,0,0,0,0,0,0,0,0,0,0,1,0,2,8,0,,,,,,,,,,,,,,,,,,,,,,,,,,,,,,,,,,,,,,,,,,,,,,,,,,,,,,,,,,,,,,,,,,,,,,,,,,,,,,,,,,,,,,,,,,,,,,,,,,,,,
,,Framing Social Security Reform: Behavioral Responses to Changes in the Full Retirement Age,"Behaghel, Luc"," Blau, David M.",,,,,,,,,,,,10.1257/pol.4.4.41,,,33,4.13,0,0,0,0,0,0,0,0,0,0,0,0,2,4,2,6,10,9,0,,,,,,,,,,,,,,,,,,,,,,,,,,,,,,,,,,,,,,,,,,,,,,,,,,,,,,,,,,,,,,,,,,,,,,,,,,,,,,,,,,,,,,,,,,,,,,,,,,,,,
,,Ready for Boarding? The Effects of a Boarding School for Disadvantaged Students',"Behaghel, Luc"," de Chaisemartin, Clement"," Gurgand, Marc",,,,,,,,,,,10.1257/app.20150090,,,2,0.67,0,0,0,0,0,0,0,0,0,0,0,0,0,0,0,0,0,2,0,,,,,,,,,,,,,,,,,,,,,,,,,,,,,,,,,,,,,,,,,,,,,,,,,,,,,,,,,,,,,,,,,,,,,,,,,,,,,,,,,,,,,,,,,,,,,,,,,,,,,
,,Human Capital and Productivity in a Team Environment: Evidence from the Healthcare Sector,"Bartel, Ann P."," Beaulieu, Nancy D."," Phibbs, Ciaran S."," Stone, Patricia W.",,,,,,,,,,10.1257/app.6.2.231,,,18,3,0,0,0,0,0,0,0,0,0,0,0,0,0,0,0,0,0,0,0,0,0,0,0,0,0,0,0,0,0,0,0,0,0,0,0,0,0,0,0,0,0,0,0,0,0,0,0,0,0,0,0,0,0,0,0,0,0,0,0,0,0,0,0,0,0,0,0,0,0,0,0,0,0,0,0,0,0,0,0,0,0,0,0,0,0,0,0,0,0,0,0,0,0,0,0,0,0,0,0,0,0,0,0,0,0,0,0,0,0,0,0,0,0,0,1,6,5,1,5,0
,,Conflicts of Interest and Steering in Residential Brokerage,"Barwick, Panle Jia"," Pathak, Parag A."," Wong, Maisy",,,,,,,,,,,10.1257/app.20160214,,,1,0.33,0,0,0,0,0,0,0,0,0,0,0,0,0,0,0,0,1,0,0,,,,,,,,,,,,,,,,,,,,,,,,,,,,,,,,,,,,,,,,,,,,,,,,,,,,,,,,,,,,,,,,,,,,,,,,,,,,,,,,,,,,,,,,,,,,,,,,,,,,,
,,The Effects of Medicare on Medical Expenditure Risk and Financial Strain,"Barcellos, Silvia Helena"," Jacobson, Mireille",,,,,,,,,,,,10.1257/pol.20140262,,,10,2,0,0,0,0,0,0,0,0,0,0,0,0,0,0,0,2,1,7,0,,,,,,,,,,,,,,,,,,,,,,,,,,,,,,,,,,,,,,,,,,,,,,,,,,,,,,,,,,,,,,,,,,,,,,,,,,,,,,,,,,,,,,,,,,,,,,,,,,,,,
,,Why Does Misallocation Persist?,"Banerjee, Abhijit V."," Moll, Benjamin",,,,,,,,,,,,10.1257/mac.2.1.189,,,35,3.5,0,0,0,0,0,0,0,0,0,1,1,1,2,6,4,2,11,7,0,,,,,,,,,,,,,,,,,,,,,,,,,,,,,,,,,,,,,,,,,,,,,,,,,,,,,,,,,,,,,,,,,,,,,,,,,,,,,,,,,,,,,,,,,,,,,,,,,,,,,
,,Marry for What? Caste and Mate Selection in Modern India,"Banerjee, Abhijit"," Duflo, Esther"," Ghatak, Maitreesh"," Lafortune, Jeanne",,,,,,,,,,10.1257/mic.5.2.33,,,28,4,0,0,0,0,0,0,0,0,0,0,0,0,0,3,10,5,3,7,0,,,,,,,,,,,,,,,,,,,,,,,,,,,,,,,,,,,,,,,,,,,,,,,,,,,,,,,,,,,,,,,,,,,,,,,,,,,,,,,,,,,,,,,,,,,,,,,,,,,,,
,,Channeling Remittances to Education: A Field Experiment among Migrants from El Salvador,"Ambler, Kate"," Aycinena, Diego"," Yang, Dean",,,,,,,,,,,10.1257/app.20140010,,,6,1.2,0,0,0,0,0,0,0,0,0,0,0,0,0,0,0,2,3,1,0,,,,,,,,,,,,,,,,,,,,,,,,,,,,,,,,,,,,,,,,,,,,,,,,,,,,,,,,,,,,,,,,,,,,,,,,,,,,,,,,,,,,,,,,,,,,,,,,,,,,,
,,Vocational Training for Disadvantaged Youth in Colombia: A Long-Term Follow-Up,"Attanasio, Orazio"," Guarin, Arlen"," Medina, Carlos"," Meghir, Costas",,,,,,,,,,10.1257/app.20150554,,,4,1.33,0,0,0,0,0,0,0,0,0,0,0,0,0,0,0,0,1,2,1,,,,,,,,,,,,,,,,,,,,,,,,,,,,,,,,,,,,,,,,,,,,,,,,,,,,,,,,,,,,,,,,,,,,,,,,,,,,,,,,,,,,,,,,,,,,,,,,,,,,,
,,The Demand for Food of Poor Urban Mexican Households: Understanding Policy Impacts Using Structural Models,"Angelucci, Manuela"," Attanasio, Orazio",,,,,,,,,,,,10.1257/pol.5.1.146,,,14,2,0,0,0,0,0,0,0,0,0,0,0,0,0,1,3,5,3,1,1,,,,,,,,,,,,,,,,,,,,,,,,,,,,,,,,,,,,,,,,,,,,,,,,,,,,,,,,,,,,,,,,,,,,,,,,,,,,,,,,,,,,,,,,,,,,,,,,,,,,,
